customer_id,first_name,last_name,email,phone_number,iban,address,city,country,risk_tier,created_at
510dd072-8b5d-4b16-b531-04c3ae95b682,Lucie,Marie,traorerobert@example.org,+33 2 69 18 19 60,FR9601338908386379402654235,"rue Agathe Barre, 77370 Sainte Élise",Sainte Édouard-la-Forêt,FR,LOW,2026-04-24 22:04:12.054001
73058486-b3ff-4621-84f2-7890a588d2d7,Laure,Étienne,marysemuller@example.org,+33 4 43 13 16 47,FR1552553419283276483503056,"boulevard Wagner, 40317 Delaunaydan",Aubry,FR,LOW,2024-12-07 01:16:38.261724
9d607856-a351-48fb-acce-c6fa50896112,Noémi,Guilbert,oceane96@example.net,04 94 32 87 10,FR5912269166978480184514627,"38, rue de Toussaint, 38961 Raynaud-sur-Mer",Besson,FR,LOW,2026-03-07 01:19:08.030241
2eb334bd-ede1-4322-801c-ef13e3848f7e,Élodie,Merle,josephtristan@example.com,+33 (0)2 47 54 30 39,FR9111718227824896383465787,"61, boulevard Lenoir, 29702 Robert",Saint MichelBourg,FR,LOW,2026-06-19 10:44:04.639102
8adf5ad1-c484-4912-a2dd-041f62cdba96,Vincent,Guérin,rogerlaroche@example.com,+33 2 57 99 73 76,FR2631165667010651333872624,"8, rue de Girard, 83653 Saint Odette",Brun,FR,MEDIUM,2025-06-19 22:24:06.266990
6fc2c57b-3777-41e7-8d15-0d177b5ba05b,Christine,Benoit,klopez@example.com,+33 (0)5 34 47 46 87,FR5923430980500978820812191,"4, boulevard de Fournier, 79183 Descampsboeuf",Martins,FR,LOW,2025-12-29 06:39:35.556308
a197a1a2-efca-4c2a-b3f3-fde7669df9f7,Thomas,Dupuis,anastasie24@example.com,0221079911,FR7283842513542784980841241,"524, rue de Wagner, 43308 Bodin",DeschampsVille,FR,MEDIUM,2024-11-02 11:28:40.757631
6e44981e-60f3-4e4c-a6a8-83026487b950,Audrey,Baron,bernardxavier@example.org,0299786801,FR3212805982620450533158692,"16, chemin Bouchet, 85984 Da Costa",Boutin,FR,LOW,2024-11-14 00:25:34.290305
f73ec147-fde1-4cc4-9f4d-501705319aff,Auguste,Lelièvre,lucjacques@example.com,0370303654,FR6714586850142940196556981,"14, avenue de Martin, 66925 Torres-sur-Mer",Perret,FR,LOW,2024-10-17 04:05:34.169254
de6a59a6-1061-4e03-8386-26befebe7c0a,Margot,Rémy,margaud14@example.net,0555564823,FR0866299468044369957773872,"295, chemin Jean, 25250 Saint Patrick",BourdonBourg,FR,LOW,2025-07-25 17:28:59.591404
74779cb9-8ca2-426e-ac31-6e95fe04fd8a,Louise,Bruneau,michellegrenier@example.com,05 46 32 01 63,FR6628708317278895798687277,"88, rue de Paris, 56179 Huet",Daniel,FR,LOW,2025-04-17 14:20:24.894530
81fc1425-7b34-439b-bf72-6b7988220705,Élodie,Faure,henrigrondin@example.com,+33 3 63 16 65 87,FR6760366909670546688937346,"chemin Marguerite Potier, 51841 Bigot",Loiseau,FR,LOW,2025-09-21 05:20:40.737038
55d19539-0f59-4da4-b3e5-3659e2d0f5bd,Anaïs,Allain,perezlucy@example.com,+33 6 35 20 46 53,FR6475564641708053100330923,"4, chemin Pauline Tessier, 21720 Letellier-sur-Wagner",Saint ThierryBourg,FR,LOW,2025-10-23 18:34:06.662050
1e3c449c-e0f1-4050-939b-761ffd63879b,Thierry,Bruneau,tchauvin@example.org,+33 (0)3 81 14 91 90,FR9358651850671657262849877,"445, chemin Lebreton, 31868 Colasnec",Leroy,FR,LOW,2025-08-23 03:17:23.675381
21e3e63c-b750-447c-8120-953d419c3ea9,Victor,Vidal,wlecomte@example.com,0432948083,FR5613678377701436349578856,"54, rue Georges Mace, 24423 Saint Léon-sur-Mer",Baron-la-Forêt,FR,LOW,2026-08-13 07:11:14.221398
5f29dbd4-e29d-4989-b8a2-9cd7fe52818b,Victoire,Leclercq,michel52@example.com,+33 (0)2 54 40 08 42,FR6171094777520471167190229,"rue Pascal, 97263 Godard-sur-Maurice",Diallo,FR,LOW,2025-09-12 18:50:11.063910
1983d7bc-227c-4728-b6f4-23ba5286a38f,Catherine,Pichon,jacqueline64@example.net,+33 (0)2 38 33 41 23,FR5928120679740344713493618,"34, rue Gaillard, 39709 Hervé-sur-Navarro",Sainte Marie-la-Forêt,FR,LOW,2026-01-20 04:44:26.334172
d8e888c5-1ac3-478d-a33b-838a9f469223,Richard,Charrier,fnavarro@example.net,+33 (0)5 81 59 40 13,FR9099049027874296717565512,"74, rue de De Sousa, 12422 Breton",Sainte DeniseVille,FR,LOW,2025-12-20 11:07:54.387812
7a7ead50-0fb2-41c3-9e8e-0afb61b3fd3f,Élodie,Pinto,mvincent@example.net,0807034824,FR6477109324808613171274846,"97, avenue Aubert, 76620 Muller",Leleu,FR,MEDIUM,2026-03-27 03:21:17.047680
bf891fcd-2579-4c76-b435-e4615566b93c,Arnaude,Leblanc,valentine04@example.net,0752787558,FR2686753396360576627028951,"avenue de Garcia, 92247 Bègue-les-Bains",Sainte Sabine-la-Forêt,FR,LOW,2025-05-01 08:50:18.965590
bf55ff92-3ad4-4982-a89d-cd2103626b5d,Marine,Chauvin,boulangerdominique@example.net,04 71 78 09 13,FR9543161172400504556238692,"7, rue de Mahe, 74246 Pinto",Jacques,FR,MEDIUM,2025-03-01 13:36:39.046255
a49887fa-f5ac-4e19-8d94-19b084da98cc,Alain,Turpin,margaret82@example.org,04 85 94 64 74,FR4436713695944064090974395,"59, rue de Techer, 13742 Sainte Simone",Fontaineboeuf,FR,LOW,2026-02-13 00:43:31.707760
7b1bbd35-d4b6-4178-8a1e-6658a9e12cd7,Éric,Collet,oceane62@example.org,+33 4 97 88 42 47,FR8545171236851604817549651,"9, boulevard Matthieu Jourdan, 09750 Bonnin-la-Forêt",Ferreira-les-Bains,FR,LOW,2024-09-29 04:20:38.687182
791cdc03-8a3c-4087-8509-041179554ec8,Auguste,Bailly,gferreira@example.org,+33 5 33 75 86 92,FR4661796405377351585064317,"19, chemin Berger, 17905 Leclerc-sur-Muller",Guillaume-sur-Mer,FR,LOW,2026-04-12 23:24:00.558501
eb6dee82-efc8-4860-bff2-a68f9d6fc57e,Nicolas,Boulanger,simonegodard@example.org,0277284210,FR1620539502402681177589178,"9, avenue Lucy Martinez, 08590 LaunayBourg",Mendèsdan,FR,HIGH,2024-10-19 17:44:58.231786
e8b8a068-5a5d-4465-8180-cd2a76c9313b,Édouard,Lebrun,christophemarchand@example.com,0524984789,FR4461183673657661565452711,"rue Noémi Rousset, 47931 Berthelot",Sainte Marguerite,FR,LOW,2024-11-24 08:14:44.805749
f6f63391-1c22-4df2-b832-649373b309f9,Adrienne,Chartier,dmace@example.com,0489198327,FR8731585149368998094024455,"79, rue Traore, 81131 Saint Alexandrianec",Leblanc-les-Bains,FR,LOW,2025-05-24 08:56:19.490561
e6e4ff16-3b80-4dff-bca5-d31cd152a088,Michelle,Germain,rouxhonore@example.org,+33 (0)2 29 47 67 97,FR4864381561497840369003432,"11, avenue Jérôme Dumont, 48645 Charrier",Larocheboeuf,FR,LOW,2024-10-18 16:56:18.836055
aaedde7e-019d-494d-869a-a0b42cb35ed2,Nicole,Dupont,dmoreau@example.org,0567966416,FR2605297516136968164535218,"635, rue de Huet, 14249 Philippe",Marion,FR,MEDIUM,2024-12-16 17:23:07.148072
19c05d9c-ed16-47f4-ab23-3fd1fa72c27e,Patricia,Bègue,schmittpenelope@example.net,06 36 99 79 95,FR0952717744905814770054119,"880, rue de Lebrun, 77587 FernandesVille",Henryboeuf,FR,LOW,2026-08-14 16:03:28.865542
cd1826eb-f83c-4031-8737-5fd4dc098883,Émile,Bodin,augustinhoarau@example.net,05 87 88 92 55,FR2946659051518644925192546,"5, avenue de Weiss, 42932 Leconte",Morinnec,FR,MEDIUM,2025-09-02 11:55:17.850168
6d87be7f-dc53-496d-8c4b-b4ea9fccb99a,Alfred,Étienne,jules35@example.com,+33 3 69 22 14 18,FR5388059296222927065379473,"63, boulevard de Besnard, 59887 Merle",Gaudinnec,FR,MEDIUM,2026-08-02 21:29:42.031855
ae406443-8928-4441-9e33-2cac7aab5224,Thérèse,Bourgeois,philipperoux@example.net,05 08 81 81 41,FR6924782613750606853615305,"32, chemin Georges, 89951 Thierry",PonsVille,FR,LOW,2026-06-19 18:24:15.274510
c33b6670-1a27-4592-9946-e3990900e354,Alfred,Boucher,victoiregerard@example.net,02 46 43 41 03,FR2869711798089324609539621,"boulevard de Guillou, 97674 Lefebvrenec",Bertrandnec,FR,PEP,2026-08-13 16:27:28.126104
2da6a77e-5c5e-4c98-8d06-efdeedffe4cd,Philippe,Letellier,hamonsimone@example.org,0380195205,FR1985277221704303054868740,"60, rue Susanne Tessier, 55509 Collinboeuf",Mahe,FR,LOW,2026-01-14 14:21:29.335918
6685fd3a-0532-4e00-a260-abc813e1ff51,Alexandrie,Paul,suzanne16@example.org,03 28 84 51 15,FR7044796275705964016582029,"rue Huet, 97492 Étienne",DuhamelVille,FR,LOW,2025-11-12 01:34:39.538271
26a57277-adbc-4d2a-b7a6-58046f88250a,Margaret,Lebreton,alix71@example.net,+33 4 97 65 43 10,FR8027868144739473121727155,"344, rue de Étienne, 65329 Saint Sophie-les-Bains",Teixeira,FR,MEDIUM,2024-09-15 06:08:40.190011
ed3da2ba-88df-4b89-81bc-b93862be1276,Françoise,Baudry,chantal82@example.net,+33 (0)1 88 46 78 66,FR8591251778528922680182422,"95, rue Philippe Pierre, 81664 Marchand",Bonneau,FR,LOW,2025-09-20 18:01:34.694402
375310c7-2b5e-4a34-941e-13097475d32d,Constance,Clerc,jeanneblin@example.org,+33 4 81 90 01 09,FR2343969078447364710276773,"65, chemin de Alexandre, 17878 Buisson",Gautierboeuf,FR,MEDIUM,2025-02-19 15:22:39.717554
4c5346b0-030c-47a5-9ace-fc1fef444c55,Gérard,Da Costa,jhoarau@example.org,+33 (0)4 43 69 63 25,FR1595327877470168733950047,"701, chemin Petitjean, 46882 PoulainVille",Roux-sur-Mer,FR,LOW,2025-05-18 20:56:18.182394
213d5ad9-442c-465f-912c-07e396a271b1,Sébastien,Legrand,cbodin@example.net,0250216558,FR4152398680002578729825952,"69, boulevard de Rossi, 62825 Ribeiro-sur-Ollivier",Sainte Vincent,FR,MEDIUM,2026-01-01 06:11:44.884767
9f9fdd62-3457-4bac-8850-5b4d4493dec0,Arnaude,Guillon,stephanie09@example.com,0370097289,FR2362309130756263689702838,"78, rue Céline Rossi, 43659 Labbé",Bourdon,FR,LOW,2025-08-15 17:45:31.291262
1ef346c4-8bbf-4d48-9bc8-2f46b17af070,Paul,Lopes,maurice44@example.net,+33 7 55 75 84 41,FR0798665240415747338484219,"9, rue Roux, 13523 Wagner",Roussel-les-Bains,FR,LOW,2024-08-30 20:11:03.072736
06b18f2c-e9a7-4fdb-be81-b0d761dd21bd,Emmanuelle,Barbier,eguibert@example.com,+33 4 42 54 01 93,FR4480262067240049915478872,"61, avenue Jourdan, 32835 Garcia",Collet,FR,LOW,2025-10-15 19:24:48.283390
1f8b2ece-8a81-4c70-87ad-3f9182bb15ff,Olivie,Olivier,julietteriou@example.com,04 76 16 12 27,FR3053046374549904530174268,"5, boulevard Matthieu Vasseur, 18589 De Sousa",Besson-sur-Legros,FR,LOW,2026-01-21 19:26:00.410064
347ebaf9-2fb4-4a9e-9dec-6795d516a953,Charlotte,Boulay,paulettehoarau@example.net,+33 (0)6 08 51 91 08,FR3083982258713971870728679,"14, chemin Thérèse Bernard, 95323 Legrand-sur-Lambert",BarreBourg,FR,LOW,2025-09-26 08:45:51.662169
a7e84c50-c6f8-4e75-960d-c1748681d10c,Charles,Muller,sdavid@example.com,+33 2 61 65 67 66,FR7818251286823004786863375,"11, avenue de Bonneau, 97312 Leclerc",Saint JeannineVille,FR,LOW,2025-07-19 04:08:09.734331
21325f5e-7eb2-425a-a99c-f761e4551531,Margot,Fischer,moulinnicole@example.org,05 87 38 30 28,FR1843959953428364408926870,"68, avenue de Lejeune, 20407 Gonzalezdan",Jean,FR,LOW,2025-04-03 17:42:43.547008
f2c68b71-1262-4531-9395-d9cc88d2c2c7,Mathilde,Meunier,jboyer@example.com,02 58 63 43 51,FR8475183046990139837354033,"43, rue Françoise Lebrun, 97446 Turpinboeuf",Bertin,FR,LOW,2025-05-16 18:27:44.526885
fbf3db39-f85f-42e6-b29c-0389b65060db,Colette,Turpin,macecharlotte@example.com,+33 4 99 56 09 32,FR3204899642353693785477725,"972, rue de Hardy, 05959 Saint PauletteVille",Dos Santos-sur-Mer,FR,LOW,2024-10-15 16:55:36.783198
834d106b-163b-4b0a-9439-017cde841f99,Henri,Petit,corinnepineau@example.com,+33 (0)6 99 70 08 86,FR1300848408621182339845461,"49, rue de Ribeiro, 87947 Saint Éricnec",Hoareaudan,FR,LOW,2024-10-07 01:07:32.639498
174b24fd-0c06-491b-a96b-055ef1cd1353,Alain,Boutin,emiledidier@example.com,0236803397,FR1640148902503926142939685,"91, chemin de Vincent, 13547 Sanchez",Texier,FR,LOW,2026-03-11 19:11:00.771522
bd1391c7-6728-4e0f-8d64-f1a0d0d5d53d,Jeannine,Chauvin,antoine47@example.com,+33 4 91 86 62 96,FR5719431142626551104754121,"98, avenue de Henry, 04191 Lenoir",Sainte AliceVille,FR,LOW,2025-03-28 05:52:23.634315
8c1f5a76-f138-4f85-a740-9fbdd96ef57d,Amélie,Merle,pagesgabrielle@example.org,+33 5 19 22 44 47,FR6821264647154379937124065,"75, boulevard de Dufour, 38428 Lemonnier-sur-Bourgeois",Bouvier-les-Bains,FR,HIGH,2026-08-01 15:48:17.466604
9ba0b7d1-f7fd-45df-9434-1f026a5daae3,Timothée,Klein,ybruneau@example.org,0517465193,FR2098280737416724342661797,"168, boulevard Jeannine Diaz, 11211 Descamps",Brun,FR,LOW,2025-12-12 16:14:10.789705
17ad66a4-7070-4a32-b60f-e3834c5a784a,Benjamin,Thibault,vchretien@example.com,+33 (0)1 42 14 38 88,FR8799375679825071461125457,"85, avenue Mace, 89563 Mercier",Bertrand,FR,LOW,2026-04-10 21:08:11.444512
d8e535cd-2901-4f49-80ab-ef5af32e5d01,Gabriel,Simon,madeleine12@example.net,+33 3 25 82 58 67,FR1136226609379660334191825,"51, avenue de Evrard, 81420 Chevallier-sur-Bourdon",CosteBourg,FR,LOW,2025-05-08 04:59:35.862975
4908b804-b55b-4736-a076-0f6cdd053e17,Camille,Albert,sylviemaillet@example.net,0231251341,FR6225286692966278282742257,"8, rue Jacob, 71617 Lejeunedan",Lacombedan,FR,MEDIUM,2025-08-19 00:59:26.963219
c4015575-2b81-406a-85f2-2a2d9cd46f43,Émile,Moreno,samsonmatthieu@example.com,+33 (0)4 26 38 42 79,FR8378819148580783613407451,"rue Gallet, 75805 Lacombe",Lefort-sur-Gilbert,FR,LOW,2024-12-26 07:15:20.180609
55e075bf-90b0-4040-8123-63fe35381b25,Guillaume,Leclerc,susanlopez@example.net,0432982544,FR2394812604223253672946671,"845, chemin Inès Bernard, 97421 Bousquetboeuf",Sainte Martinnec,FR,LOW,2026-04-21 14:10:42.913342
079f2f61-6c94-4c3a-9bf8-06e927790bc7,Clémence,Royer,veronique45@example.net,+33 7 35 00 17 01,FR6527706324241541520643611,"31, rue de Paul, 87555 Saint Marthe",Mathieu,FR,PEP,2026-08-18 21:12:11.210136
0e7cf1af-5e61-4c0a-bd13-a1e7376f9a76,Audrey,Lemonnier,christianeguerin@example.org,02 33 11 55 42,FR2362218909275326973112196,"42, rue Paul Lenoir, 76714 Jacquet-sur-Merle",Sainte Lucas,FR,LOW,2025-09-09 06:16:29.080255
e55a2143-66ee-46d4-9c50-5046bed8aa06,Danielle,Roche,pcollet@example.org,+33 7 86 13 79 18,FR2105526965827109104300684,"91, boulevard de Brunet, 35185 Chevalier",Martins-les-Bains,FR,LOW,2025-09-22 21:04:50.157734
98fafbc4-d79f-4763-9eb5-7435fc8b609c,Anaïs,Coste,ruizmarthe@example.com,+33 1 80 31 61 79,FR1090421020275884252410564,"817, chemin de Lefèvre, 63979 Brun-sur-Tessier",Adam,FR,LOW,2026-03-14 22:58:39.238237
7b595e84-3dc5-446f-8164-a6ea7f43d3a2,Henriette,Parent,dumasnicole@example.net,+33 (0)1 73 03 07 56,FR6522086353654195180238061,"25, avenue de Petit, 47305 Thibault",Rousset,FR,MEDIUM,2025-11-24 22:31:49.008074
52c07ece-b3fa-4a08-b7a7-d9b9efb15f2a,Célina,Tessier,xleleu@example.org,+33 2 85 06 03 85,FR4605064138367024103865719,"26, boulevard de Bonnet, 55778 Gomez",Bertin,FR,MEDIUM,2026-05-10 15:09:22.344706
5eb34f2c-074c-4b18-9675-019772eabc2c,Suzanne,Carlier,timothee74@example.org,+33 (0)3 57 29 12 12,FR4777561853747411249035213,"504, rue Lebon, 57669 MenardBourg",Henry-les-Bains,FR,LOW,2024-11-23 18:36:20.640564
2db4b5ea-8857-4876-85bd-e45365b564d6,Charles,Valette,gillesphilippe@example.com,0231994101,FR3737215107029667066253244,"4, chemin de Didier, 52663 BonnetBourg",Jacob,FR,LOW,2024-12-05 07:18:05.524656
8bc1f467-dde3-4ee3-b4ec-0c6a5c30e488,Luc,Weiss,louisedevaux@example.org,04 92 78 75 98,FR7556420593040785932133480,"35, rue Allain, 40925 Maury",Sainte Hélène,FR,LOW,2025-10-12 18:13:26.222610
6c02b8ce-4a03-4be8-bd9a-ebcc227d9425,Geneviève,Roche,tallard@example.org,01 69 10 39 30,FR1887059325250029218515691,"32, avenue de Riou, 62764 Roger",Lemonnierboeuf,FR,LOW,2025-02-06 03:01:59.653925
3eedb476-02b0-4d18-a887-1d3f15f405af,Jacqueline,Roger,ule-gall@example.net,0255209690,FR7329593917251355215704331,"1, avenue Navarro, 93529 Pasquier",Hoareauboeuf,FR,LOW,2025-09-29 21:58:32.395403
32f3f3b1-a804-4332-b78b-03c71ca80d86,Eugène,Voisin,isaacsauvage@example.org,+33 (0)4 49 05 41 15,FR0826218159970629620153368,"44, rue Carlier, 73662 BrunetVille",Bernard,FR,HIGH,2025-07-05 09:55:40.622283
d8403d82-b1fb-440e-ba10-f986b9217924,Théodore,Peltier,gbourgeois@example.org,+33 3 23 41 71 46,FR9077418625652704774349021,"78, rue de Lenoir, 08960 Barbenec",Torresdan,FR,MEDIUM,2025-10-19 09:53:51.345753
b44a26e9-4dac-476e-8bad-1d0ec98eee4d,Noël,Ollivier,edouard60@example.net,+33 2 51 72 23 32,FR9206163294511686854870998,"rue William Duhamel, 75696 Saint GenevièveBourg",Regnier,FR,LOW,2026-05-31 23:27:49.199130
25846955-fa7c-4de9-8be5-ead533b3bf55,Antoinette,Aubry,fbegue@example.net,01 69 24 62 99,FR7960653074505444713247546,"73, avenue de Thierry, 66988 Lefèvre",LerouxBourg,FR,LOW,2025-04-11 07:48:22.636843
4dd140ae-f08f-4572-9cae-e083bcba08de,Corinne,Antoine,reneehardy@example.net,+33 (0)3 24 33 03 07,FR8005345786103579727985524,"7, rue Masse, 97437 Jourdan",Labbé,FR,LOW,2025-01-25 01:39:14.306301
ee2320a7-a570-4241-9af0-d1b072cc0231,Manon,Lejeune,valettepauline@example.net,+33 (0)6 62 29 03 49,FR5944665743748969108589944,"6, chemin Robert Bertin, 83828 Roche",Blondel,FR,HIGH,2026-03-09 05:16:30.372918
a56271bc-04ca-428f-87e2-90c4487a803e,Bertrand,Brunel,upeltier@example.net,+33 1 53 74 46 66,FR2009935387584282417248251,"74, chemin Raymond Mary, 37574 Sainte BernardBourg",LeclercqBourg,FR,LOW,2026-05-22 17:53:59.251209
9bc8e11f-11bc-478d-aa14-d2fe5ab5c775,Alex,Laporte,antoinette02@example.org,+33 4 84 69 72 52,FR3117525007432927129666676,"rue de Foucher, 47114 Boulay",AubertVille,FR,LOW,2026-01-03 09:46:08.890790
599bc869-947c-4ed8-9700-8cff7aeb31d2,Lorraine,Peron,mauricelemonnier@example.com,0256168942,FR0310447898562575326033230,"rue Alexandria Riou, 32889 FerrandVille",Rousseau-sur-Peltier,FR,LOW,2024-11-14 00:44:19.212718
b1868a7b-41c1-49e0-9122-60c8713b9e6c,Virginie,Lefebvre,blotgabriel@example.com,05 19 18 47 23,FR2204618499261891411739348,"34, boulevard Mahe, 26804 Rémy-sur-Mer",Saint Marguerite,FR,LOW,2024-10-31 01:42:02.220416
2375d52a-a2f5-4fe6-b812-4b8d3ce6422e,Frédéric,Baudry,fgerard@example.net,+33 (0)2 40 43 74 47,FR7701204556110022557941552,"57, avenue Susanne De Oliveira, 83916 Marie",Grenier,FR,LOW,2026-02-08 16:26:11.383368
f3d03788-1cc9-47d9-8aa4-9dee3943b0c2,Camille,Leroux,delattrejeanne@example.com,03 28 96 59 02,FR8777167014508993588916375,"190, rue de Bodin, 60972 GaillardBourg",Lebrun-sur-Mer,FR,LOW,2025-04-25 18:26:06.378421
3f640174-3c9f-4beb-94af-9bbc34f30c25,Roger,Girard,emmanuelleweiss@example.com,03 75 17 79 71,FR0677517016608801994883755,"95, boulevard de Reynaud, 91772 Auger",NoëlBourg,FR,MEDIUM,2026-03-04 17:22:42.471473
3b9f1c13-4c25-42df-9d9c-3cd2a81f802c,Matthieu,Bernard,adrienne48@example.net,0244027261,FR2449331637351609177982708,"89, rue de Jacquot, 74277 Duval",Descampsboeuf,FR,LOW,2025-08-30 07:09:43.902713
c7ded1ac-56da-4db5-ada2-9e32b1987cc8,Alice,Humbert,robertchauvin@example.com,0630226984,FR4885833394522885158799684,"rue de Laurent, 48248 Saint Luc",Hamel,FR,LOW,2026-03-23 20:55:08.042432
e89853cc-3406-4113-b856-96809f4a351f,Sébastien,Normand,william04@example.org,+33 (0)4 92 71 98 38,FR8063840666580043973598933,"31, boulevard Mathieu, 48141 Lopes-la-Forêt",Renard,FR,PEP,2025-10-27 15:30:31.700025
80496515-3920-400e-b60e-8d943bbd6a95,Pierre,Thomas,chantal20@example.org,0177947985,FR6415832818268861533555439,"2, chemin de Cohen, 30757 Loiseau-sur-Berger",Sainte Alex,FR,LOW,2026-06-27 03:01:59.793547
d8fe9159-bc1a-4bdd-a1e9-35a3a51e49a5,Gabriel,Collin,elodie40@example.net,0607043581,FR5012880133613861207501102,"4, avenue Amélie Lebreton, 80514 GomesVille",MailletBourg,FR,LOW,2025-09-21 17:48:18.039483
3c92bb1a-e9e5-4dad-9052-eeff8be1f427,Lucy,Fouquet,boulaynoemi@example.net,+33 (0)2 21 58 14 49,FR6114766072832684245088210,"968, chemin Lacroix, 95859 Lecomte",Imbert-les-Bains,FR,LOW,2024-12-22 15:07:12.339418
13a35ec1-990a-4017-9cb5-fd99fe5d5c9d,Matthieu,Chauvet,leon12@example.net,+33 (0)6 35 81 41 41,FR1539755231491357759492995,"60, rue Mendès, 94756 Baronboeuf",Potier,FR,LOW,2026-02-13 11:28:22.021419
26fac67b-ced1-4433-9702-874d83d0fb48,Christiane,Pinto,xpelletier@example.com,02 45 29 14 28,FR2134110809969308488725639,"98, avenue Marchal, 64110 Bonneau",Boulay,FR,LOW,2025-09-06 14:56:34.989944
7956adae-4f02-4e74-96f7-12184501ff08,Caroline,Leroux,genevievemoreno@example.net,+33 6 99 50 37 31,FR7045303856770051844989266,"9, avenue Maurice Blondel, 51461 Coulon",TexierVille,FR,MEDIUM,2025-08-28 15:18:38.467959
da3526eb-8a0d-481c-9669-eb80349144cf,Guillaume,Besnard,michelgarnier@example.net,0362222591,FR3636517773926030299228092,"92, boulevard Geneviève Diaz, 03999 Clément",Pons,FR,LOW,2025-11-13 02:39:59.276022
ca1f0233-306d-4994-8254-75c664b6e299,Charlotte,Leduc,matthieubouchet@example.net,+33 3 29 98 42 57,FR3099136621038862912799088,"rue Josette Gimenez, 01893 Barbenec",Bertrand,FR,LOW,2026-01-18 16:05:03.774405
20f8e4f5-5a7a-4fda-873a-02ed71d6bdbd,Aurélie,Rolland,ylecoq@example.com,+33 (0)5 64 24 73 14,FR7498643009818063565126944,"59, avenue de Faivre, 26523 Pascaldan",Lemaître,FR,LOW,2025-10-09 11:06:36.763209
e823345f-1b76-496f-99c4-604c9593c5c3,Christine,Fleury,hortense56@example.net,+33 2 50 37 21 38,FR8365890260127961143519066,"802, rue Luc Descamps, 66392 Fontaine",Gros-sur-Blondel,FR,PEP,2026-01-19 06:13:51.641807
ac6f8345-8b2b-4a50-a828-8a7723a9d74f,Laetitia,Roy,alvesolivier@example.net,+33 (0)2 97 14 65 66,FR9593801184895543937690426,"9, chemin Gabriel Blanchet, 32997 Bruneau-la-Forêt",Hoareaudan,FR,LOW,2026-03-12 12:02:26.859525
66bb1d5e-e423-405a-ba38-27f3b306f50e,Olivie,Maillot,dbazin@example.net,+33 (0)6 98 14 16 33,FR1456588043416518275539423,"43, rue Michel Renaud, 31956 Hamon-sur-Meyer",Saint Édouarddan,FR,PEP,2025-11-18 10:39:55.616911
b5457292-9196-469c-8c88-5f4fa0d60353,Paulette,Allard,leducalix@example.net,0779472846,FR6039208678085627187500369,"59, boulevard Charles, 30375 Raymondboeuf",Gonzalez,FR,MEDIUM,2025-08-26 09:32:31.477767
94045ebe-36a1-4164-824b-b7865c1b8451,Marc,Humbert,aimee64@example.com,+33 2 57 93 14 38,FR8166322702672885744890612,"27, chemin Raymond Alves, 46673 Boucherboeuf",Sainte Gérard,FR,LOW,2025-05-10 12:29:43.799342
56a50b8d-0289-4a24-8a5e-ecd736cfce34,Margaret,Seguin,hortensebruneau@example.net,+33 4 37 55 87 71,FR1269472256996112535544964,"787, rue Simon, 17845 Peltier",Bernier,FR,MEDIUM,2026-01-20 21:37:39.972617
60158467-9c2d-4fd5-8ef6-344d46fb483a,Édouard,Lacroix,anastasiehenry@example.org,+33 (0)6 68 00 68 11,FR7349216433472282005577848,"829, boulevard de Gay, 67755 Ruizboeuf",Gimenez-sur-Mer,FR,LOW,2026-04-06 21:05:45.073178
11583f62-83f0-46fd-b580-47de219e4e04,Capucine,Le Gall,antoinette42@example.com,+33 (0)1 30 82 54 78,FR6107740649308536866326634,"58, boulevard Suzanne Royer, 52292 Saint Grégoire-la-Forêt",Sainte Lauredan,FR,LOW,2025-03-13 20:16:13.822503
2d28788b-36f6-40cb-95f1-5f1f50ff84b9,Laurence,Marin,tristanmoreau@example.org,+33 (0)1 48 21 44 27,FR7803120735647570512046187,"16, rue Collin, 97366 Gallet",Saint Céline,FR,LOW,2026-02-15 04:40:17.636061
ca0fdf9f-1db0-47bb-96c1-cbd1a9a24d23,Étienne,Dijoux,christelleperrier@example.net,0474208814,FR5574350313650249163009792,"rue Didier, 12802 Maillot-sur-Thierry",Saint Agathe,FR,LOW,2025-12-10 21:43:23.691491
94531060-d8d8-4a23-b07c-f9b86c859409,Martine,Regnier,marchandclaire@example.org,0486730652,FR9540778487392855749821827,"157, boulevard de Gillet, 93289 Sainte Philippine",Dupuis-sur-Lebrun,FR,LOW,2026-02-04 17:38:02.165352
38b3c960-ec1f-4744-b09e-42e426243157,Margaux,Tanguy,haubert@example.net,02 90 94 56 51,FR6918102203173109678994053,"avenue Chevalier, 59920 Sainte Frédérique",TessierVille,FR,LOW,2026-04-20 17:03:31.290146
8a0fee05-e963-440f-bb89-dc23a192631b,René,Evrard,perondavid@example.com,+33 (0)3 64 81 13 86,FR8933839288619576122868528,"68, avenue Paulette Couturier, 55945 Raynaud",Thibault,FR,LOW,2025-09-29 15:00:10.394347
a47f1dd2-3062-4ed7-beed-a420212dd24f,Alexandria,Gosselin,agnes77@example.com,+33 (0)1 60 49 08 24,FR5404335048889921075224593,"71, rue de Peron, 10840 Guillet",Coulon,FR,HIGH,2026-04-22 05:12:48.821739
554fa6a6-f7d2-4183-918d-620f3a877ce4,Marie,Boutin,valentinlucy@example.com,+33 (0)5 24 10 55 66,FR9713906048058925832067998,"74, rue Marques, 11587 Vallet-sur-Girard",Alexandre-la-Forêt,FR,MEDIUM,2024-10-28 04:54:34.293365
5ae9e122-922a-4d68-937a-b71519358ab0,Constance,Gay,paulettedufour@example.com,+33 7 46 93 89 83,FR2431465911665535590425979,"4, chemin Meyer, 97120 Saint Patrick-les-Bains",Garcia,FR,LOW,2025-05-04 19:24:52.151698
522d472a-4f44-4d24-a793-e0cbbdbdeb3c,Suzanne,Masson,catherine70@example.com,+33 3 62 38 84 87,FR2092069804204394070164510,"73, rue de Gomes, 62987 Rossi-sur-Blanc",Philippe,FR,LOW,2025-08-27 18:30:55.690912
74ef308c-144d-4fea-b601-1f950146c187,Céline,Guilbert,fournierpaul@example.net,0479762055,FR6054384046084325621689363,"69, boulevard Gilles Leclerc, 83241 Allard-sur-Pottier",Dos Santos,FR,LOW,2025-04-09 18:33:25.624227
0f639fc4-8b92-4b88-adb0-10f065001489,Maryse,Hardy,aurorepires@example.org,+33 4 71 18 81 25,FR0820566474231220994999393,"6, avenue Lucas, 64966 Lelièvre-sur-Mendès",Gonzalez,FR,HIGH,2026-05-11 12:28:11.076293
51677a07-51d3-49c0-9df0-0c7a86a97ff8,Claudine,Reynaud,isaacolivier@example.org,+33 (0)5 55 04 63 33,FR5012797573660965699988081,"4, boulevard de Delaunay, 94140 ChevallierVille",Klein,FR,MEDIUM,2025-07-14 03:23:35.164409
950145d0-c558-4e64-8ab5-92574c54448c,Thibaut,Becker,celina26@example.com,+33 (0)2 72 77 18 12,FR1898266570279371452111751,"792, avenue de Bertrand, 97331 Moreno",Goncalves,FR,LOW,2026-05-23 17:03:18.438212
5340122f-5028-4389-b096-7aa81bf6dd37,Joseph,Lecoq,humbertthibault@example.com,04 42 21 23 09,FR2540777809733977671990384,"rue Lefèvre, 83457 Saint Dominique",Sainte Vincent,FR,LOW,2026-06-30 09:05:17.883463
070c29ca-848f-45c7-9fe4-325a9786f3b3,Benoît,Nicolas,kcolin@example.net,0326795014,FR8355616814721458683390198,"646, boulevard Hortense Ferrand, 45232 Thibault-sur-Mahe",Chauveaudan,FR,LOW,2025-08-21 19:41:50.049639
a9f8836f-fd70-4e3f-97fb-4a90229515e4,Jules,Bourdon,mathildecharpentier@example.org,+33 (0)2 50 07 13 96,FR7560558303441448850155699,"65, avenue de Reynaud, 05761 Leduc",Techer,FR,LOW,2025-07-29 12:40:41.228106
9d702cf2-b8f5-427f-a246-692f13ffcb73,Élise,Daniel,vpasquier@example.org,0470880395,FR4151240568299629145046173,"93, rue Frédéric Besson, 97614 Morin",GuillouVille,FR,MEDIUM,2026-04-02 17:28:23.536177
51f125b9-4170-4438-9fae-5c74484e8c98,Constance,Brunet,zacharieguillet@example.net,0476218230,FR8776810409157018409435334,"27, rue Hugues Paris, 15115 Vaillant-sur-Buisson",Saint Élodieboeuf,FR,LOW,2025-10-02 08:33:38.008347
62f4b37e-e7de-409a-abda-e2cc390e1974,Richard,Blanchard,henriette32@example.org,0482870207,FR0201601662997954538179217,"87, rue Meunier, 78364 Michaud",Bonnin,FR,MEDIUM,2026-06-28 02:23:06.399966
15c36f4b-50c9-46c3-8506-10966abb4bdc,Vincent,Germain,bcoulon@example.org,02 47 57 72 45,FR5099281615814876963938276,"79, boulevard Simone Le Goff, 69810 Giraud",Sainte Gabrieldan,FR,LOW,2025-04-21 17:43:05.242687
563366d6-611f-4838-9918-d84225ebd937,Étienne,Hebert,thibaultlebon@example.org,+33 (0)5 19 57 01 32,FR7890227846997335494651909,"60, rue de Martin, 90673 Masson",Martinez,FR,LOW,2025-02-14 21:28:51.025316
e44f4a29-6777-4ab0-9931-e2c448d1647a,Martine,Maury,utoussaint@example.net,05 53 66 83 27,FR6723865624220102762126796,"868, chemin Maurice Lemoine, 54719 Sainte Camille",Mendès,FR,LOW,2025-08-28 13:24:50.881257
b7d10f7d-9dca-48f3-bd4b-beeb2004f861,Antoinette,Morvan,arthur09@example.com,0247971284,FR6378189137189490580778795,"34, boulevard Bouvet, 38844 Bertin-sur-Bonnet",Delorme-les-Bains,FR,LOW,2025-10-19 12:27:07.282862
50e298ff-3d5f-48fa-b859-8b6abc73a233,Margaux,Klein,renaultclaire@example.org,+33 2 23 44 29 44,FR7340192927524372805129276,"42, chemin de Vincent, 82370 Saint Jacquesdan",Ollivier-la-Forêt,FR,HIGH,2025-08-09 23:01:00.045223
37a2f4b0-3108-42bb-9e10-eed7a9e0e8f5,Odette,Rossi,alexnormand@example.net,06 64 28 60 47,FR1465801856945441496739385,"200, avenue Perrin, 67206 Marty-sur-Mer",Deschamps,FR,MEDIUM,2025-01-15 02:19:23.601716
7147c614-aebd-4dbf-bfb2-7f2516ee2ec1,André,Legendre,boyerjeannine@example.net,+33 2 52 11 92 69,FR9021244717465421406650442,"rue Juliette Carlier, 22760 Nicolas-les-Bains",Lecoqnec,FR,MEDIUM,2025-02-02 13:59:34.139176
3c040161-31ec-47d3-b7d2-f740fd0c9230,Lucy,Gautier,qauger@example.org,+33 (0)2 21 19 47 07,FR7020064256908776618306719,"16, rue de Poulain, 68973 Faure",Samson-la-Forêt,FR,LOW,2025-12-13 06:08:02.342506
98f384ed-c522-43ac-a0e1-0edf5b09cf6f,Joseph,Lenoir,jacobmargaud@example.org,0534157173,FR5820309376184787005050613,"429, rue Guyon, 19600 Sainte Laure",Saint Martine,FR,LOW,2025-12-13 23:33:27.496638
fd90e4e8-cc42-41bc-8810-e97f085b2cbe,Alexandre,Giraud,le-gallvalentine@example.org,03 23 91 11 79,FR1993136565198253092511426,"38, rue Inès Fournier, 18202 Mallet-sur-Merle",Durand,FR,MEDIUM,2026-05-31 14:32:34.301072
12485e59-fbd5-4e72-8ce8-a9d3d7429be0,Édouard,Robert,colinemmanuel@example.net,0559723248,FR3076329092791456083318195,"14, rue Gérard, 87964 Mahe-les-Bains",Leconte,FR,HIGH,2026-07-02 01:12:23.041085
dc7514ac-af49-4b4e-9130-5fc54b51072a,Bernard,Imbert,roland36@example.com,0631010822,FR5707811379956353153136363,"770, rue Bourdon, 58282 Besson-les-Bains",Fouquet-sur-Mer,FR,LOW,2025-12-01 17:38:11.064994
8bb7543a-9e47-4667-9a04-dea819670e63,Richard,Renaud,gilbert09@example.org,0261177625,FR0434929298316873977406335,"39, rue de Delattre, 06141 PeronVille",Laportenec,FR,LOW,2025-08-12 03:39:56.021107
1f6d5d52-f55f-4ec9-9616-cde9bdc35e9c,Susanne,Grenier,sauvageclemence@example.org,+33 (0)1 43 63 25 43,FR3710742799077262570165804,"489, rue de Legendre, 42853 Sainte Bernard",Sainte Aiméedan,FR,LOW,2025-11-22 07:41:45.685795
681f85f1-46a4-4e6f-8607-537e77ed9b91,Aimée,Poulain,madeleinevaillant@example.net,+33 (0)3 58 25 38 17,FR8693355486401557788178847,"4, rue Édouard Michaud, 22395 Saint Jacques-la-Forêt",Saint Colette-les-Bains,FR,MEDIUM,2026-05-28 05:18:19.012367
48c71f02-c515-4d46-909e-ae2851ea3b64,Dorothée,Techer,cousinarnaude@example.net,+33 6 65 67 04 31,FR5603856955798877492424375,"chemin Jacquet, 58270 Renard-sur-Mendès",Renault-les-Bains,FR,MEDIUM,2026-08-07 23:07:39.264325
d99bb34a-76ef-46be-9a1b-29caafee0601,Virginie,Neveu,isaacgomez@example.org,+33 (0)4 71 92 74 52,FR2938055257828410672752088,"57, rue de Moreno, 93552 Lagarde",Sainte Augustin-les-Bains,FR,LOW,2026-01-04 07:51:44.190083
737bd9ca-0446-4445-8199-118b8f6d9cf1,Gabriel,Le Gall,marechallaure@example.org,04 91 15 09 39,FR2783430187186375998056265,"5, chemin Thibault Cohen, 71189 Petitjean",Traorenec,FR,LOW,2026-04-06 03:10:26.585998
04d8f464-48be-40d4-9b54-e3d7ed552775,Sébastien,Goncalves,achauveau@example.org,+33 (0)2 76 34 78 51,FR5896106462879232648704947,"1, chemin Ribeiro, 81954 Denis-la-Forêt",Colindan,FR,LOW,2026-06-20 10:48:31.058359
7277c5fe-d74d-40b9-be4a-ec1798ca382e,Madeleine,Moulin,mathieupaulette@example.com,02 14 95 97 96,FR2047158904290257252045650,"418, rue de Salmon, 13713 Devaux",Gomes,FR,LOW,2026-04-23 00:47:30.931830
de4624c5-1e3e-4f29-814e-822270ddbf8d,Marianne,Hernandez,marianne51@example.net,0276028457,FR4665213283389888167112075,"82, boulevard de Ledoux, 43276 Leroy",Saint Gilbert-les-Bains,FR,MEDIUM,2026-01-11 15:51:29.004885
81194162-2278-4cbc-9e14-f511654607bc,Thibault,Marchand,gilleschevalier@example.com,+33 (0)2 23 07 60 31,FR9108907140140119393250124,"48, boulevard de Mercier, 13939 Ledoux-sur-Garcia",Carpentier-sur-Mer,FR,LOW,2026-08-01 10:21:20.272888
83434aba-94db-48f7-9377-13608ed98676,Jean,Faivre,pageseugene@example.org,04 97 92 71 25,FR7666383615171827548015716,"447, avenue de Charpentier, 54293 Sainte Margaretboeuf",Richard,FR,LOW,2026-08-26 14:29:00.651421
4b5523e0-cae7-4652-8c6e-69e0d7e1c5c7,Claudine,Maillet,delaunaybrigitte@example.net,+33 (0)2 51 26 69 12,FR4715353961367499465796784,"2, avenue Colette Grondin, 80237 Saint Nathalie",Saint Colette,FR,LOW,2026-01-04 09:35:58.969777
0f47333f-291b-401e-b222-6a445df25444,Joseph,Weber,honore49@example.net,+33 (0)2 23 87 73 47,FR6578485880061675677002842,"74, rue Hélène Parent, 62775 Pottierdan",Guilbert-les-Bains,FR,MEDIUM,2025-09-01 04:18:16.637545
885ac789-c286-40be-941d-1a92edb0a8ff,Anaïs,Charles,ymaury@example.net,0437500902,FR8755905616556503334911415,"chemin de Morel, 58773 Duhamelnec",Lefebvre,FR,LOW,2026-01-17 10:33:19.806357
27a717e5-58ce-4a33-95a0-68c8bc2c39ef,Jacqueline,Simon,alexandria96@example.com,+33 (0)7 51 35 78 52,FR3194563718344049639191954,"476, rue Manon Hernandez, 64923 Lesage",Bouvier-sur-Mer,FR,LOW,2025-06-25 16:54:14.858557
88967fcf-43c3-452c-96f9-122decc9db06,Philippe,Ferrand,wleconte@example.net,+33 1 46 82 97 37,FR8748969083572324665136442,"436, rue Olivier, 04351 Barthelemy",Vaillantnec,FR,PEP,2025-07-01 07:58:56.472203
eb03bb7c-6bdc-4a0d-8e8d-5d6baca94be6,Auguste,Renaud,richarddufour@example.org,0430820700,FR5015941651623198189847139,"79, rue de Briand, 27247 Saint Marcel-la-Forêt",Lejeune-la-Forêt,FR,LOW,2026-05-19 09:17:34.802927
3130c2fd-e48e-4790-b0b4-edcfd8de8fd1,Bertrand,Marin,martine15@example.net,06 73 42 57 54,FR6309003486451837606441343,"16, rue Valentine Valette, 62582 Le Rouxnec",Saint Marthe-la-Forêt,FR,LOW,2025-08-31 22:09:33.166943
dee7352b-bb91-4ed9-b4fa-ad03cf55b134,Adrienne,De Oliveira,cecile00@example.net,+33 5 96 20 63 45,FR6691123829657724295431652,"130, boulevard de Toussaint, 29191 Philippe-la-Forêt",Girard,FR,LOW,2025-06-16 00:05:49.633428
1ee2e560-0d4d-4164-a4f8-79ffa4372b9f,Aurélie,Brunel,henri15@example.org,+33 (0)1 44 86 77 13,FR7133447626393436262044397,"171, rue Tristan Jacquot, 50803 Delannoy",Neveunec,FR,LOW,2026-02-15 18:22:09.844747
4bb022c9-5e9d-4791-8757-b600ffc50423,Pierre,Legrand,pascalcharles@example.org,0375759900,FR7848964652809242875721586,"6, rue Didier, 35865 Perret",Charles,FR,LOW,2025-11-17 18:58:03.520947
7ad9012c-a58a-4599-9afd-2e7678308383,Patricia,Aubry,bernadette25@example.net,02 85 87 03 20,FR8132074276170758777121513,"58, boulevard de Lecomte, 74104 Gosselin-les-Bains",Garnier-sur-Mer,FR,LOW,2026-03-11 05:59:45.152908
1f2afb27-2e8d-4c7c-88e0-13e89215c674,Margaret,Gauthier,andre41@example.com,0244520177,FR3774905097592304501896164,"11, rue Chevallier, 97461 Jourdan",Mathieu,FR,LOW,2025-04-02 03:19:20.305942
723f4558-0a3f-454e-b3eb-68519a518692,Suzanne,Lesage,marianne92@example.com,+33 (0)4 98 83 77 67,FR1149961659266108573278814,"8, rue Gilbert Pottier, 38961 Barbe",ColletVille,FR,LOW,2025-10-03 13:06:49.201239
dcbaebac-6b7d-4ddb-9aac-fb5113a851a8,Benjamin,Blanchet,grosaudrey@example.com,+33 (0)6 36 94 54 91,FR4280172260164597794523219,"7, rue de Thomas, 50219 Saint Marcelle",Jacquesnec,FR,LOW,2026-05-23 16:23:19.085546
dfb8687a-e210-464c-832c-7e975e237405,Noémi,Marion,nbailly@example.net,0540412203,FR9410303723683147276012277,"boulevard Patrick Renaud, 37683 Rouxboeuf",Saint Louise,FR,LOW,2026-05-08 05:34:46.613100
9b5e836d-5ef9-44fc-aac8-87e1a4fccf97,Aurore,Legros,lgallet@example.net,0164767899,FR2373080695814671795760243,"93, boulevard Pottier, 43716 Payet-la-Forêt",Delattreboeuf,FR,LOW,2026-03-31 11:57:22.423385
ede06a04-4476-4496-9f92-0238a69853cb,Susanne,Renard,rolandblot@example.net,+33 (0)6 99 22 32 97,FR9616743380054522801561931,"65, boulevard Da Costa, 20973 TexierBourg",Sainte Susanne,FR,LOW,2025-07-26 23:37:41.403126
997b7bf7-bdc3-4361-bdd2-f9fe6931a1a6,Zoé,Faivre,gautiersabine@example.net,+33 (0)1 72 81 21 35,FR6524787125521376037548214,"45, boulevard De Oliveira, 97639 Gilbert",Lejeunedan,FR,HIGH,2026-07-23 08:33:25.342781
0a4b08bd-746b-4f9b-9c21-598468c4bf70,Diane,Normand,antoine72@example.org,+33 (0)2 31 55 62 60,FR3260290846684550489267389,"46, rue Auguste Tanguy, 42499 Dijoux",Jacquet-sur-Mer,FR,MEDIUM,2024-11-02 20:36:49.196978
060642b9-ace5-4376-bab2-1e6f2326ae88,Françoise,Langlois,olivie20@example.org,0380468105,FR4848510174907539989354492,"61, boulevard de Olivier, 97456 Perrin-les-Bains",BouchetBourg,FR,LOW,2024-11-02 10:36:14.166237
938d463d-ba54-40aa-8771-76f3e8a0e286,Audrey,Dumont,cbenoit@example.org,0549988649,FR6876776228277288137702851,"chemin Masse, 37141 BrunetBourg",Schneider,FR,LOW,2026-08-20 23:26:03.403382
0066bd94-f0c4-471c-b5e3-5c84bd11d749,Thibaut,Cousin,yleroy@example.org,+33 5 62 04 43 27,FR1801851067949756792287772,"boulevard de Lejeune, 49338 MaillotVille",Guyon-la-Forêt,FR,LOW,2025-12-11 21:14:38.808996
8ec9bae0-a5f7-4e44-8e9a-dcacf3967c24,Jacques,Neveu,masselouise@example.net,0253813989,FR1709837801820433971895690,"avenue Jules Legros, 04980 Prévostnec",Robin,FR,LOW,2024-11-18 19:14:24.275752
f89c5249-610e-47ca-a068-648f732112d9,Eugène,Allard,sebastienmeunier@example.org,0233246209,FR7152004615265461033993788,"rue Timothée Barthelemy, 70516 Sainte Antoinenec",Moreau,FR,LOW,2025-03-11 16:07:29.611603
e27b8c7d-32d7-46b4-83c4-a74b85fab42e,Jacqueline,Parent,hoaraupaulette@example.net,+33 4 63 96 71 83,FR4825823868700794200749465,"340, boulevard de Thibault, 09407 Sainte MartheBourg",Pages,FR,HIGH,2025-10-07 13:16:10.929007
ea67cde4-5e8a-45b0-9ca3-2f4e94102311,Roger,Lesage,juliettebodin@example.com,0390743553,FR4679502097002687681180715,"36, rue de Denis, 59479 Hebert",Saint Noémi,FR,LOW,2024-09-10 12:08:53.854486
b18894ab-af92-4a94-8ad8-65132287818b,Roger,Bazin,leon19@example.net,0367375047,FR9093036149872839992192124,"13, boulevard de Bonneau, 32797 De SousaVille",ClercVille,FR,LOW,2026-05-12 18:48:21.309131
0dbffc63-38d9-4df0-b976-9c4cabee9a34,Tristan,Lesage,hparis@example.net,07 85 80 30 46,FR3087506351903613325411076,"44, avenue Dupuis, 43952 Sainte Dorothée",Legrand,FR,MEDIUM,2026-03-16 17:24:46.566415
1465eedc-a233-4272-acb4-53ecf09ec69b,Laure,Navarro,toussaintcaroline@example.net,+33 (0)2 31 00 65 12,FR6307049611080466196399076,"691, rue de De Sousa, 66436 Olivier-sur-Nicolas",Saint JeannineBourg,FR,MEDIUM,2025-11-03 03:32:49.421727
99b035cd-bdc2-4661-80de-43b233836686,Zoé,Leclercq,luciegregoire@example.com,0562797232,FR6700249685498227495450892,"780, rue Luc Riou, 25904 Sainte Laurentdan",Brunelboeuf,FR,LOW,2026-05-11 10:21:10.115899
022ef268-6216-4da0-9b92-3ff872f94d16,Geneviève,Daniel,astrid52@example.org,01 72 73 03 37,FR8793375636205015081247395,"rue Jacquet, 22324 Fouquet",Maillot,FR,LOW,2026-05-08 03:54:28.979496
cc5ff95d-e139-43cb-a5c8-62e9ea6c4162,Patrick,Colin,alphonseschmitt@example.com,+33 (0)1 47 26 15 34,FR9173552896112233865596309,"62, rue Lombard, 35993 Grégoire",Camus-sur-Lacroix,FR,LOW,2026-02-09 07:59:40.258537
cedadd08-2f50-49da-afb8-71499d2eec9a,Sabine,Lelièvre,brundanielle@example.com,0808725587,FR4877496903337363466925481,"avenue Diane Benard, 29697 Sainte Denise",Marques-sur-Launay,FR,LOW,2025-07-22 14:42:42.826030
bd53c98d-5982-4952-b86b-2feebc5a42b5,Aurore,Lejeune,suzanne75@example.com,01 49 27 34 15,FR8814888143111508353544439,"540, chemin Sabine Antoine, 51941 Boulay-sur-Bègue",Sainte Marcelle,FR,LOW,2025-09-05 12:49:34.379676
012752b5-d87d-48bf-aa5f-9983cb6e283d,Patricia,Gérard,odumas@example.net,+33 6 63 89 87 75,FR5415366377805292407553666,"109, rue Rémy, 72744 Raynaud-sur-Baudry",Weber-sur-Mer,FR,MEDIUM,2026-07-21 01:22:12.571703
ca332ba6-3ae8-4144-801c-ee98845d4729,Christophe,Joubert,eroche@example.org,0630412182,FR5809702316433481705802566,"boulevard Humbert, 61860 Sainte Lucas-les-Bains",Ruiz,FR,LOW,2025-07-08 18:28:49.284320
1da5357e-70bd-454c-9f53-55f183f0140d,Mathilde,Chartier,mleroux@example.net,0357874302,FR0671693859777901475469263,"77, rue de Rocher, 72197 RocherVille",Barbier,FR,PEP,2025-03-15 01:03:35.394264
7b7cf0bd-8b47-4f83-b6f9-06c4bb71513a,Lorraine,Tanguy,margot13@example.com,02 52 51 18 56,FR2472438070176563600412577,"boulevard Descamps, 31830 Jolydan",Renard,FR,LOW,2024-12-29 16:01:54.111237
0e6c03b6-d64c-4f49-8578-8c6149e374de,Alfred,Seguin,schmitttheodore@example.org,03 22 10 42 75,FR7923083708164709006335331,"1, rue Maggie Laroche, 09325 Saint Monique-les-Bains",Sainte Denise,FR,LOW,2024-11-13 17:12:24.300536
87a2c8ea-4c80-4184-86dd-278d872b20c0,Victor,Breton,laurenceguillaume@example.net,05 67 13 31 55,FR6120650637314950136497189,"6, avenue de Potier, 97398 Le Roux",Bousquet,FR,LOW,2026-03-06 11:23:23.298642
220aa634-9148-420e-8e74-6ca407f8457d,Marie,Prévost,vmercier@example.org,05 24 83 89 03,FR9409143639102574326303975,"90, chemin Odette Laurent, 29967 Le Goff",Leclerc,FR,MEDIUM,2025-09-25 00:18:01.167086
3e9573c7-53f6-424d-9b33-df10d00ac040,Margot,Menard,julieweber@example.net,0329701713,FR9802321298338167423362934,"53, rue Agnès Chauvin, 48271 Besnardnec",Bourdonnec,FR,LOW,2026-03-05 10:59:20.795433
6ee8b9ae-054c-45a0-973d-dc5a192a8167,Thérèse,Leduc,ledouxalex@example.com,+33 (0)4 57 98 28 24,FR6467474689715273230085766,"86, boulevard David Lejeune, 05227 Moreno-les-Bains",Ledoux,FR,LOW,2025-07-11 18:18:42.158046
b6284d67-3b7d-4f87-8fc7-8dbb480a0200,Pierre,Pires,danielle75@example.net,+33 (0)5 32 63 37 05,FR8002497243992011669183626,"98, avenue de Coste, 39851 ChrétienBourg",Sainte Sylvie-les-Bains,FR,LOW,2025-03-11 13:41:54.673320
cb30efaa-8d1a-41e7-bc8b-a56b156bdd17,Marc,Bouvet,trocher@example.org,+33 7 60 11 68 64,FR8762252237281793230234679,"51, avenue Denis, 35165 Martinez",Huet-sur-Martel,FR,LOW,2025-08-16 11:32:24.200734
15a3645d-2500-4441-8f49-91dcf815ca19,Patricia,Roussel,bonnetrene@example.org,+33 (0)2 37 38 06 98,FR9847759655553566905510762,"9, rue Alexandrie Sauvage, 79802 Buissonnec",Bernard,FR,LOW,2026-08-17 10:36:16.521072
8f98cddf-9ffb-4b43-9fbb-eabaa771df1a,Sylvie,Lebrun,couturieragnes@example.org,0596397691,FR4956716493289802714872717,"22, avenue Auger, 04264 Jacob",Vasseur,FR,LOW,2026-02-03 09:34:34.154989
459bbd4f-17cf-4af1-bd2c-e1aba344fada,Margot,Ollivier,chartiergregoire@example.net,02 34 53 99 15,FR8966863341411159319525690,"boulevard de Aubert, 49533 Pires",Potier,FR,HIGH,2026-07-10 06:28:23.764602
67a68fea-9563-4d8e-8684-7b1d212b3d8b,Gilbert,Dijoux,franckdelaunay@example.org,04 70 24 37 72,FR5294209548149737460523302,"34, boulevard Michaud, 43532 Lévêquenec",Guérin-la-Forêt,FR,LOW,2025-03-21 07:37:01.649665
b4817612-ea06-4e00-bf8d-fe2a6a695d12,Léon,Bonnin,ipereira@example.com,+33 (0)4 63 72 92 77,FR3342333059126620157201859,"13, rue Chauvin, 62409 Giraud-sur-Guibert",DialloBourg,FR,MEDIUM,2026-03-18 04:08:55.770948
942612d3-5fb8-4588-9728-68806a019e0f,Thérèse,Delahaye,oparis@example.net,04 98 01 11 17,FR6383099974192676492151826,"888, boulevard Mary, 68830 Saint MargauxBourg",Joseph,FR,LOW,2026-01-16 21:32:12.586140
5b7c21ef-dc58-464e-ab29-630e270f74d6,Aimé,Berthelot,hbouvier@example.org,+33 3 59 21 84 01,FR1518458260340848729758598,"1, rue Roche, 19406 Lucas",Courtois-sur-Fabre,FR,LOW,2025-11-02 08:12:12.561018
e623bf9f-d591-45d7-911d-04052918659a,Roger,Rodriguez,jsanchez@example.com,0524267146,FR4828314359892625660931418,"661, rue de Étienne, 42896 Rodrigues",Paris,FR,PEP,2024-09-03 06:15:53.168635
c59a413f-6c44-44d4-ab7c-98559d92d9b1,Alexandria,Louis,yduval@example.org,+33 4 65 97 18 59,FR7748491025625889679240822,"640, rue de Potier, 77528 Vidaldan",Bigot,FR,MEDIUM,2025-08-28 22:11:15.433158
46205f92-6b9c-4cd4-800d-339c3a8af1d4,Robert,Gilbert,thibaultbousquet@example.org,0554511131,FR0329014870682778816093068,"890, boulevard Jean, 22176 Lucas",BenardVille,FR,HIGH,2025-07-01 20:18:34.076704
83f1b102-8443-4ac3-ae26-813aeb0458a9,Alex,Picard,frederic53@example.net,+33 (0)4 43 47 44 30,FR0296348079705097545105265,"avenue Louis Clément, 67626 Bouchet",Sainte Aimé-les-Bains,FR,HIGH,2026-03-12 02:55:54.013995
6d736572-5569-4b51-9cdd-a69e1d49d82e,Philippe,Jean,xdelaunay@example.com,0567284177,FR5822560531340266502374167,"75, avenue de Payet, 15210 Saint Honoré",Charrier,FR,MEDIUM,2024-09-06 00:37:56.956954
e24c71e4-4d9a-422e-8932-aa0082331e73,Marianne,Gomez,potierveronique@example.com,01 41 67 44 71,FR6563928234143637189239231,"5, rue Launay, 03731 Robin",Sainte Anouk,FR,LOW,2025-09-14 12:53:17.992640
ce35c4a5-969c-414a-a5cb-10cea9094225,Martine,Couturier,matthieumarques@example.com,01 82 86 04 14,FR1454563502000534749162475,"2, rue de Normand, 70888 Rémy",Traore,FR,LOW,2026-04-10 18:29:40.837816
52f4c263-a6da-40bb-abda-b679961ed31e,Noémi,Merle,noel43@example.net,02 32 12 91 09,FR6633711895473820236848557,"8, boulevard Constance Simon, 21713 Grenier",Charpentier,FR,LOW,2024-09-29 06:04:09.986288
b32f80e1-2528-412d-b9bb-4813b1d35d8e,Geneviève,Bonnet,nicolechauvin@example.com,+33 (0)3 20 78 68 66,FR5894320293908788443448123,"14, rue de Lopes, 18376 Saint Valentine",Joubert,FR,LOW,2024-11-19 22:14:32.527928
09873976-09f4-4a53-b171-c7a4b1e44b8a,Manon,Perrot,victor18@example.com,+33 5 55 94 50 05,FR0534240891649837354396273,"27, rue Céline Gonzalez, 22293 Marin-sur-Chauveau",Jourdan,FR,LOW,2025-03-21 02:00:35.682615
5414c3ba-80f0-41b6-ba58-417d2e5142fc,Thierry,Goncalves,theresecarlier@example.net,+33 2 18 21 63 76,FR3718209166010023142900185,"87, chemin Rémy, 61258 Lefèvre",Jacquot-la-Forêt,FR,LOW,2025-11-28 10:07:34.814563
c93e8074-13cb-4197-803a-65d50df2b25f,Gérard,Lefebvre,henryemilie@example.com,+33 (0)5 58 20 30 36,FR6262543617213145195151092,"359, avenue de Gérard, 85803 Ferrand",Lévêque,FR,PEP,2026-05-28 12:28:34.232297
9ba243ef-c1b3-43b5-ba8b-3ec84cfc67f2,Richard,Didier,remy10@example.org,+33 4 72 26 77 11,FR9896421522655767695236687,"236, avenue de Laine, 73895 Boutin",Saint AgnèsVille,FR,LOW,2025-01-22 13:08:49.543427
b6ed2643-5762-4a49-8197-997f6e1db8ec,Claude,Durand,frederique72@example.org,+33 (0)4 87 52 47 28,FR0863330212606501917920252,"1, avenue de Gérard, 97233 Bernier-les-Bains",Rocher-la-Forêt,FR,MEDIUM,2025-08-05 12:23:40.313535
bcb89c1d-4bac-4982-8581-9a97d42c4d67,Michelle,Marques,simbert@example.org,0246200928,FR8320667849843624186236903,"891, chemin Marcelle Clerc, 51947 GaillardVille",Jourdan,FR,LOW,2025-07-02 22:36:00.353291
a0421683-4251-4d48-b90b-0d4fcaf728c5,Richard,Nicolas,garnieragnes@example.net,0155342811,FR7239043830341990970051405,"735, chemin de Dumont, 89790 Sainte AnoukBourg",Becker-les-Bains,FR,LOW,2024-09-13 08:35:06.192758
74db36e3-2e64-44c7-9a0f-34ccf01f8453,Stéphanie,Weber,ccoste@example.com,+33 2 85 71 13 32,FR4828898572545960633991297,"chemin Lévy, 97621 Gauthierdan",Roy,FR,HIGH,2026-07-10 08:45:59.392434
0c3d22c2-8527-4acd-b5e6-276a2f2e5dae,Isaac,Mercier,hortense55@example.org,+33 (0)3 27 74 74 72,FR4719705466927589551687409,"18, rue Charpentier, 48262 Alexandre-sur-Legrand",Chevallier,FR,PEP,2026-05-27 14:40:46.315086
36b442bb-dba0-4d50-852f-0296f819da4c,Marguerite,Morin,chantal78@example.com,+33 (0)2 31 21 66 36,FR4551559737147082723590960,"13, rue Thierry, 87533 Fleury",Perez,FR,LOW,2024-12-08 14:13:34.587885
f4cad99e-a07b-4608-909f-433960b6d373,Robert,Lebon,legermichele@example.com,03 63 42 01 65,FR6842356778265960893199255,"82, rue Sophie Parent, 52369 MaceVille",Marchanddan,FR,MEDIUM,2025-12-06 18:31:16.029970
9cfca9e7-483d-46e9-a5ab-d7f3e1dfb16e,Inès,Pereira,carpentiernoemi@example.org,03 21 96 35 33,FR2690550448177665586851276,"992, avenue Roland Delmas, 88796 Couturier-la-Forêt",Perrin-sur-Fernandez,FR,LOW,2026-04-07 18:41:40.638756
8d0c046b-0f5a-41a8-849a-fbbbdad264d4,François,Blanc,chauvetantoinette@example.org,02 40 78 90 46,FR4833786137157660538444463,"1, rue Besson, 66939 Prévost-sur-Daniel",Masse,FR,LOW,2026-08-22 07:08:57.172204
719e636c-ebfa-4806-bcf1-883d141af156,Olivier,Berthelot,nolivier@example.net,01 77 96 26 26,FR8358263128196482531106092,"719, rue De Sousa, 81746 Lemoine",Guibert,FR,HIGH,2026-06-13 23:03:33.714311
97accac5-58c6-439f-8082-925471923629,Théophile,Leclercq,moniquevalette@example.com,0177412091,FR9417911244211753617061713,"37, chemin Dubois, 22775 Lefort-sur-Seguin",Saint Zacharie,FR,LOW,2026-08-22 23:06:39.014441
29092bb9-a980-487f-90d0-f802f0caa40b,Christine,Bonneau,lerouxdorothee@example.net,0252390808,FR3182351305231244731584776,"42, chemin de Carlier, 14697 Langlois-sur-Gaillard",Mace,FR,LOW,2025-08-18 09:46:41.987604
d0cbad64-1410-4e5e-a4b8-272c697fd770,Caroline,Briand,sylvie59@example.org,05 67 39 55 17,FR5820849649856012562531355,"1, rue Michelle Boulanger, 27576 Lebrun-sur-Rey",Françoisnec,FR,MEDIUM,2025-03-22 05:32:04.185292
3ed6b14e-d22e-4c7b-a05c-dc504b376a3f,Marcel,Laine,francoisguilbert@example.com,+33 (0)5 62 65 53 30,FR1377046117295963904090742,"boulevard de Fournier, 43760 Saint Charlotte",Sainte Monique-la-Forêt,FR,LOW,2025-03-15 16:47:25.169361
8cdcb8f5-2259-459d-9faf-4d3a56d523bb,Odette,Perrot,jchevalier@example.com,01 75 64 77 15,FR3991030021563213580040104,"79, rue Guillaume Guillon, 58222 Julien",Chrétien,FR,LOW,2025-10-27 18:02:15.411385
a1121f78-5c7b-4c93-bb9b-c93e2b4ed16a,Claude,Pasquier,hlaroche@example.net,+33 6 87 45 73 14,FR2841583311703037637153988,"92, rue Vasseur, 46494 Legendre-sur-Mer",RocheBourg,FR,LOW,2025-03-18 00:16:32.253249
40802789-ce4f-47a9-8938-92204f7ac0df,Jacques,Torres,hortense12@example.com,+33 (0)2 46 30 72 40,FR4578754181563268685074510,"53, avenue Schmitt, 76382 Raynauddan",LesageBourg,FR,MEDIUM,2026-01-06 15:07:29.713198
c6b81e11-3f6c-4f0f-9493-e651246bd0bc,Madeleine,Menard,vasseurgabriel@example.org,+33 (0)4 15 31 81 43,FR5796661347323549401289743,"3, chemin Pineau, 19113 Gilbertboeuf",Saint Rémy,FR,LOW,2026-06-01 19:07:46.264574
b833f2de-4d8a-41ea-a024-7f3a0cb0c386,Jean,Potier,valentinadrienne@example.com,+33 (0)7 53 71 00 94,FR8538822114577584745705458,"boulevard Nathalie Riou, 03251 Vasseur-les-Bains",Mahe,FR,HIGH,2024-09-18 15:09:05.331483
ff3b2cfc-aef7-4a96-8192-ee2a3f33f938,Hortense,Traore,nalves@example.net,+33 (0)3 53 61 48 78,FR8724556964430985916795410,"37, chemin de Ferrand, 71780 Bailly",HervéBourg,FR,LOW,2026-04-03 06:47:36.297476
a557e288-158d-4fc1-8370-29465e2f3543,Alexandre,De Sousa,carpentierroland@example.net,+33 (0)1 78 74 06 50,FR5104254882142369143075366,"chemin Jeannine Langlois, 22677 Potierboeuf",Joly-sur-Normand,FR,LOW,2026-03-10 19:35:54.544508
79947350-f055-4120-9714-9994325eaabd,Philippe,Dufour,mlenoir@example.com,0231497826,FR1761287585756766708061294,"952, chemin de Vincent, 97160 Antoine",Sainte Susan,FR,LOW,2026-03-07 09:49:00.249553
2dd903b8-64c4-4934-b97c-f696df16cac6,Diane,Jacques,clementbertrand@example.com,+33 (0)4 79 91 49 75,FR1001980382872324407931102,"4, rue Reynaud, 04952 Hebertnec",Saint Théophile,FR,LOW,2025-06-18 13:51:02.098062
eb8eb20f-3a01-46f3-b1d4-cf7a14fb60f3,Julien,Huet,valentine97@example.net,+33 (0)5 81 20 22 32,FR2688377441975466176620471,"chemin de Fontaine, 82766 Hebert-sur-Dupont",Joly,FR,LOW,2025-08-03 20:28:06.127202
1de71d2e-0f00-432b-9a98-2817fbce6fad,Monique,Albert,alain25@example.net,+33 4 87 86 81 22,FR3459572446176792988425995,"rue Peron, 20337 Saint Colettedan",Samson,FR,LOW,2025-02-12 04:29:54.620698
7c01defb-f7cb-48f3-8187-841c91082cd6,Pénélope,Peron,francoisroger@example.net,05 62 10 94 10,FR0717590251762983347743326,"rue de Lombard, 85198 Fontaine",Thomas,FR,MEDIUM,2025-05-16 16:59:47.236036
25a7db51-20ea-4221-b9f6-afa7b3ff3f72,Anouk,Duhamel,leblancjulien@example.net,03 51 39 78 55,FR7798217661912841173098503,"25, chemin Sanchez, 68689 Paul",Charrier-sur-Langlois,FR,LOW,2025-06-14 16:16:22.777073
ef995b96-710d-4ef4-8691-7d18383bd2a0,Bertrand,Morvan,guilloncharlotte@example.com,+33 (0)1 58 56 43 50,FR1723850371990516991872401,"735, chemin Sabine Dumas, 03156 Saint Élisabeth",Gillet-sur-Normand,FR,LOW,2026-01-08 09:48:22.107829
be9586eb-fa95-4bd8-af37-adaca4f1b095,Alfred,Courtois,yroux@example.com,+33 5 79 68 21 71,FR4095535603319036890030102,"60, boulevard Marcelle Moulin, 37232 Chauvin-sur-Voisin",Saint Denis-la-Forêt,FR,LOW,2026-07-13 12:24:01.711611
1c9b9136-9db5-43aa-a735-f35ab0a970e7,Lucas,Costa,matthieu74@example.com,0382845881,FR0605697413283483152037710,"chemin Jacqueline Jacob, 38947 Saint Rogernec",Moreaunec,FR,LOW,2025-06-04 01:04:37.250744
3c3f3ba8-6d61-465f-a6d4-152802342019,Benjamin,Hubert,alexgonzalez@example.net,01 77 40 85 09,FR5654930596601864876998426,"12, chemin Émile Menard, 97379 Marques",Delaunay-sur-Morel,FR,LOW,2025-11-19 16:49:28.081762
9576fad4-258a-4a93-9b9d-28dd4e67f73c,Agnès,Royer,sabine90@example.org,0473427707,FR8407057836091498517244472,"12, rue Bègue, 05288 Besnardboeuf",Saint Charles,FR,LOW,2026-07-23 06:09:34.639654
6583148b-cbab-4883-94df-d80cae2dffd9,Raymond,Boucher,potiercamille@example.com,+33 (0)3 75 51 18 71,FR7181335956164205955657490,"5, boulevard Michel, 14723 Bouvier",Augerboeuf,FR,HIGH,2026-07-14 15:55:10.507084
65c84f77-b069-41c7-b22f-c0fb7d19b7e6,Alexandria,Guillon,descampsmonique@example.org,02 28 13 98 98,FR5768180978875439435353751,"25, boulevard Corinne Garnier, 46769 Texier-sur-Mer",Humbert-sur-Mer,FR,LOW,2025-10-16 22:46:50.425780
58cc4d6a-73af-4d6e-b34e-b76364f35569,Valérie,Marchand,philippinecordier@example.net,+33 3 90 45 51 16,FR9368297327021648712060212,"72, boulevard de Guillot, 91400 Sainte Valérieboeuf",Raynaud-sur-Chauvet,FR,MEDIUM,2024-11-13 18:44:55.943586
e5963f2c-e5ac-4caa-8e8f-7b067fd3963e,Michelle,Lambert,roussetadrienne@example.com,06 26 47 22 98,FR4912099576572894134750988,"66, rue Dupont, 94848 Perret",Lopesboeuf,FR,LOW,2024-11-07 17:08:42.375239
e1f8b54a-8bf9-47cf-a3cd-a2d0307c1e79,Roland,Gaillard,herverobert@example.com,03 68 24 49 13,FR1042138820908830705349678,"21, avenue Clémence Charles, 12985 Lopes",Sainte SuzanneBourg,FR,LOW,2026-02-21 17:39:43.386226
1ae3958c-29d4-4b58-a5c8-425e1ecdfce8,Matthieu,Petitjean,millethugues@example.net,0427781506,FR0818538003296334727274231,"rue Claudine Pascal, 78313 Morel",Lagarde-la-Forêt,FR,LOW,2025-11-18 02:47:53.248433
22a48ed4-4d9b-460e-82e3-b992b8d8c534,Louise,Guillon,lucieleveque@example.com,+33 4 57 34 77 69,FR0558741314675361275156277,"50, boulevard Martin Lejeune, 08675 Bertin",Bouchet,FR,LOW,2025-06-08 22:48:13.300808
e7e51f50-e34f-46bc-9cf7-9de2860eb7a1,Capucine,Lamy,dbertin@example.com,03 66 50 47 63,FR6392831995298006155810835,"563, chemin Rémy, 52320 Peron-sur-Mer",Saint Camille,FR,LOW,2024-09-10 16:28:24.175246
a91dc401-c64c-4e9d-9788-fb70e4227089,Édith,Henry,cvallee@example.org,0458033041,FR8866241118600892196394568,"47, chemin Bègue, 73582 Kleinnec",Saint Anouk-la-Forêt,FR,MEDIUM,2025-08-15 03:11:50.340368
b1148533-5a8b-404e-81e9-eaa89e6818be,Martine,Joubert,alexdurand@example.com,05 08 81 73 90,FR3763757914521182379312697,"chemin Antoinette Langlois, 94445 Da Silva",Lagarde,FR,LOW,2025-10-14 00:07:49.817850
f3d3960b-3484-4837-9c29-be8a1acfbdae,Anouk,Thomas,marie38@example.com,04 69 35 77 88,FR2411616202812371067287286,"rue Bernadette Cousin, 92792 Barbe",Bonneau,FR,LOW,2026-06-07 20:25:23.336544
0baf3f80-8e47-43dd-94d4-9e97dd5be48f,Geneviève,Delahaye,guycharpentier@example.net,+33 5 08 89 47 73,FR0652287056227104331875109,"61, boulevard de Jean, 44743 Saint Robert",Launay,FR,PEP,2025-10-27 23:57:53.054777
a1b394a6-7a7d-4ed6-af8f-396200a4e684,Thibault,Tessier,jadam@example.net,+33 2 23 92 13 42,FR0649128965999497320331922,"6, rue Dos Santos, 65926 Lamydan",Hernandez,FR,PEP,2025-08-27 13:40:54.187918
9cd43826-3a28-4215-bba5-2c32efaa3948,Georges,Guillot,xhoareau@example.com,04 90 48 58 19,FR6732426877418652057563983,"40, chemin Édith Leclercq, 01700 Boulanger",Sainte PhilippeVille,FR,LOW,2025-11-13 07:01:23.996495
7545ba7a-cbae-48c2-ab28-1412b145fb6b,Arthur,Jourdan,lucy76@example.org,0426090797,FR6672781050922216107051843,"62, rue de Chartier, 51526 Saint Léon",Caron-la-Forêt,FR,LOW,2024-10-27 09:26:40.213006
4edd42a1-1ff6-4d56-b64d-31c4355f9e67,Capucine,Bertrand,julie38@example.com,+33 1 34 44 85 15,FR1479197111212590203571343,"7, chemin de Colin, 35243 Gomes-sur-Pasquier",Roche,FR,LOW,2025-03-14 07:56:02.805691
aa4237fa-216d-4833-b174-e8929ca09743,Luc,Schmitt,raymond74@example.org,04 90 95 58 72,FR6409628936543588418343740,"37, boulevard Tristan Guichard, 72486 Fontaine-sur-Breton",Sainte Alain-les-Bains,FR,HIGH,2025-06-30 21:15:51.033789
6bfdfa7e-2b2a-4f10-a82d-90c3f0d45a32,Xavier,Marques,lemoineagathe@example.com,+33 6 38 82 07 97,FR4399667345957640381664969,"924, boulevard Hamel, 18233 Vincent",Sainte Sophie-les-Bains,FR,MEDIUM,2026-04-04 12:40:36.941320
62345a2e-5f4b-474f-b73d-c97a02ecb442,Céline,Delaunay,celinemartin@example.net,+33 3 56 24 41 23,FR6236132850725178637673162,"55, avenue de Godard, 50646 Sainte ClaudineVille",Raynaud,FR,MEDIUM,2025-01-04 04:45:42.215790
0cd575fc-7d9e-4258-a4a7-30fdf2f8d4ea,Noël,Tessier,zacharie80@example.net,02 23 32 73 03,FR2446156262446704622681715,"30, rue Hortense Guillou, 49802 Duboisdan",BriandVille,FR,LOW,2025-04-05 08:35:55.174804
5b09a741-66a5-453e-919a-5950abeffeb4,Raymond,Traore,texiersusan@example.com,0665851268,FR1161205943897607401775095,"14, chemin de Colin, 37465 Duranddan",Léger,FR,LOW,2025-12-04 15:05:20.326258
21e45a08-0130-46b7-ac95-6d5f271e502e,Jeannine,Marie,nath08@example.net,03 84 21 81 22,FR7476457938970155029168154,"3, chemin de Mace, 83860 Sainte Gabriel-sur-Mer",Bertin-sur-Bailly,FR,MEDIUM,2025-11-19 17:25:27.970130
3f0c1015-4748-40ff-b557-6e2c56027b7f,Élodie,Berger,bessonhenriette@example.com,+33 5 86 42 48 09,FR3062440630624479513305319,"779, boulevard de Boulanger, 69498 PascalVille",Leblanc,FR,MEDIUM,2025-04-17 13:10:11.358664
0a86d27c-bb56-4886-9dff-3a0c0a756e15,Valentine,Hebert,celinabernier@example.com,+33 3 23 64 60 91,FR6578513854457702992959660,"73, rue de Hoareau, 77970 Saint Anastasie-sur-Mer",Masson,FR,LOW,2025-10-17 23:22:23.574467
b250fc91-3d73-46ff-a012-1790a3c27082,Joseph,Leroux,adias@example.com,+33 5 61 94 55 15,FR5088863677472264085721696,"40, boulevard Legendre, 64182 Masse-sur-Foucher",Simonboeuf,FR,PEP,2025-11-15 12:17:08.611383
bf36f34a-5a3e-4789-b201-3537e3ef722d,Jacques,Colas,fpottier@example.com,+33 (0)5 34 88 32 75,FR8232735241039773973278195,"11, rue de Normand, 86516 Lelièvrenec",Sainte RaymondBourg,FR,LOW,2026-01-31 22:19:02.362171
1e2d11e6-ee94-436a-97a3-c90795a2192f,Julie,Jourdan,navarrochristine@example.net,+33 (0)4 44 60 56 87,FR7861124912565237341517734,"85, chemin de Duhamel, 35708 Saint William",HervéVille,FR,LOW,2025-02-04 12:11:20.749059
3e35a81f-eca9-4295-a1a1-7d57a39be8cc,Alexandrie,Thibault,michele44@example.net,+33 4 65 77 42 22,FR6394643039429045886792529,"86, rue de Hardy, 61279 GilletVille",Sainte Maurice-la-Forêt,FR,MEDIUM,2025-01-24 20:21:51.299543
10a12135-7225-4311-b01a-bc5e5f552f68,Henri,Lopes,delahayelouis@example.com,06 34 90 83 35,FR4306158148881079833423372,"58, rue Peron, 09235 BaillyVille",Dumas,FR,LOW,2025-02-21 05:59:41.986403
bd96124e-8b08-4621-9686-6964379d7591,Patricia,Blin,gbarthelemy@example.net,+33 (0)4 72 13 71 71,FR7173189397490961739970469,"95, boulevard Roland Imbert, 38370 Menardboeuf",Potier,FR,LOW,2025-10-11 01:09:43.787484
c56d72a7-b40b-463b-a1f5-094583c55c66,Thierry,Toussaint,wmarie@example.org,01 40 58 77 22,FR8516417582313348458714939,"73, rue Bourdon, 84260 Blondel",Guibertnec,FR,HIGH,2026-03-19 15:38:03.824648
cd170b1f-f2da-4943-a00a-1b63993ee12d,René,Rolland,charlotte45@example.org,0479557469,FR7066060652740334450566588,"587, rue Berger, 20433 Macedan",Sainte Marie,FR,LOW,2026-07-29 02:54:04.078908
7fb8fcea-64b3-4ded-a157-0073f3f9f74f,Maryse,Coulon,rogerseguin@example.net,01 81 10 54 85,FR4374172156229493817359848,"3, chemin Alves, 97367 Gonzalez",Bigot,FR,LOW,2025-02-09 08:57:43.266379
fc369a98-e210-4f52-956d-89e72d7bbf0b,Agnès,Le Roux,margaretfischer@example.com,0148216667,FR7008085096085874951191818,"8, rue de Hamel, 10885 Barondan",Rousset-les-Bains,FR,LOW,2025-12-15 04:36:44.117985
8f5e974f-9ccd-46c6-906c-47e751a527ba,David,Vidal,cecile86@example.org,04 49 09 60 03,FR6956243958739592323421089,"651, rue Margaux Guillaume, 25410 Lamy",Rey,FR,LOW,2026-07-12 00:08:50.875111
d08038d7-8960-4a25-b909-07328b1b50e0,Martin,Leleu,andre27@example.org,01 53 73 60 77,FR9363369112898123179556331,"28, rue Aimé Gillet, 53509 Sainte Agnès-la-Forêt",Sainte Claude-la-Forêt,FR,LOW,2025-02-10 14:21:16.537349
9333fbf1-7f83-402d-b643-a3b3dbcfd70f,Martine,Clément,bgeorges@example.com,0174232902,FR6982270093459626228225120,"66, boulevard Tristan Leroy, 97613 Leroy",Fontaine-les-Bains,FR,LOW,2026-06-25 09:44:16.231144
ce1603c1-b922-4557-ba40-b6951f56659c,Benjamin,Gimenez,mledoux@example.net,+33 2 97 10 53 16,FR6411776872904774258591779,"38, rue Delmas, 11861 Sainte RolandBourg",Jean,FR,MEDIUM,2025-02-26 03:59:02.372348
98ab191e-5a5f-4865-be8d-68e3a290c537,Nathalie,Delmas,vincent79@example.net,0257565290,FR1460320203265097753967379,"51, boulevard de Marques, 43290 Leblanc",Leleudan,FR,LOW,2025-12-24 13:05:32.514146
f5e52f58-2dbc-4308-8017-d3b983df4b85,Marguerite,Le Goff,christophe56@example.net,+33 (0)2 54 13 71 18,FR1242547681826832303589298,"48, boulevard de Brun, 47262 Saint Luce-sur-Mer",Gimenez,FR,LOW,2026-07-16 07:24:11.646664
72c139a7-df5f-4c24-a443-b8fca52fffa1,Juliette,Lamy,rogergirard@example.com,0534867752,FR1940148439910622723626693,"4, rue Andrée Denis, 92857 Maillet-sur-Fernandes",Hebert,FR,LOW,2024-12-09 01:58:54.811851
0a4a77ca-e51b-4aac-b5d9-5fd1e40ab0d5,Robert,Samson,alain18@example.com,+33 (0)6 53 74 18 97,FR7921540641769274381199537,"2, chemin Philippe Riou, 65436 Martineau-la-Forêt",Perez,FR,LOW,2024-09-05 11:57:35.674525
59fc72a8-648d-4a88-9e59-1b4d6027aa53,Michèle,Vallée,isabellecosta@example.org,04 15 17 89 96,FR8198609191911359966057798,"40, rue de Laurent, 80436 Sainte AntoinetteVille",Fleuryboeuf,FR,HIGH,2026-04-16 20:35:17.153066
b6916f0f-b295-40a2-9b7e-fa59d182a82e,Adélaïde,Benard,robertcohen@example.org,0633423885,FR0565271559835411659726347,"35, chemin Durand, 15294 Ruiz-sur-Guillou",Collet-les-Bains,FR,MEDIUM,2025-06-13 18:23:10.231182
4259f870-5346-4b98-9db6-da4c138e5fa5,Marthe,Sanchez,ericrobin@example.net,04 11 25 85 62,FR1761499153703824073333732,"80, avenue Frédérique Courtois, 72296 Lemoinenec",Chevallier-sur-Letellier,FR,LOW,2025-03-06 01:42:09.689930
dee36f08-5d43-4927-bdcd-a70fa029f7d8,Stéphanie,Marchal,aurore55@example.org,0491125389,FR4621878519358374907977961,"avenue de Vaillant, 83158 Martel",Andre,FR,LOW,2026-01-07 05:57:54.325742
429964e9-0edc-4640-8bd5-4bb95da86f97,Christophe,Fouquet,helene40@example.net,05 79 26 37 48,FR7645398628950905911918623,"12, avenue de Chauveau, 16439 Saint Annenec",Weberdan,FR,LOW,2024-12-06 05:37:39.661988
3592f0af-c53d-4f6c-bb4f-6a4c3df45d16,Zacharie,Vidal,langloisadrienne@example.org,03 86 71 24 63,FR4935157184090805120800564,"351, boulevard Didier, 23648 Barre",Saint Joséphineboeuf,FR,LOW,2025-10-20 08:10:30.964583
bb6fb32e-a75f-4289-96cd-a5fcbcac4e5d,Brigitte,Munoz,corinnegerard@example.com,+33 (0)1 69 81 44 15,FR1429821739295786718153523,"60, avenue Delmas, 90872 Perrin-sur-Dijoux",Sainte Édithnec,FR,MEDIUM,2026-03-02 23:21:52.292578
3d8e2656-3bb8-4252-abe7-d9c81a69ffc1,Lucy,Bourgeois,tristan27@example.org,0565666170,FR2571587964740803149982508,"avenue Laurent Benard, 68153 Rousset-les-Bains",LemaîtreVille,FR,LOW,2026-06-23 06:38:11.032941
5a168d8e-7369-4c17-b970-7cdc7958a3b6,Eugène,Albert,matthieumendes@example.com,+33 (0)3 58 73 99 00,FR1163140352635602293946943,"7, avenue Roger Aubert, 97472 Brunel",Sainte Augustin,FR,LOW,2026-01-17 11:18:51.994194
b3e929be-e6cc-4ee7-822a-d3e42127f7f9,Caroline,Rodriguez,daviddiaz@example.org,+33 (0)2 98 71 28 52,FR7446484494116318732807711,"rue Émile Ledoux, 88925 Saint Bernadetteboeuf",Rousset-les-Bains,FR,MEDIUM,2025-07-15 22:41:41.871565
6e0bc2bd-ba29-4e6e-ba51-f6700c1b23ec,Pauline,Dupont,paulinelacroix@example.net,0173902542,FR7557306624813235707139848,"250, rue de Lejeune, 66647 Saint Monique",Lemaître,FR,LOW,2024-09-24 03:04:56.072153
d803c113-11d3-4eba-86ac-55c5545371d4,François,Pottier,aimeweber@example.org,+33 (0)5 33 91 30 98,FR6610796496737945772785324,"62, rue de Lesage, 38247 Sainte Antoinette",Dumasnec,FR,LOW,2024-11-26 09:12:36.649091
bed19b0f-55a4-4959-85db-735a6d4465ae,Lorraine,Benard,annede-oliveira@example.com,06 30 76 75 55,FR5362833339395786543627187,"40, chemin Courtois, 20775 Blondelnec",Pichon,FR,LOW,2024-09-13 11:12:58.596583
94a14da8-6608-4cb6-a8a6-210078297eb6,Lucas,Collin,richardvallet@example.net,+33 5 47 93 26 57,FR6832759980111000515532341,"89, chemin Maryse Roger, 37410 Saint Henri-les-Bains",Lemairenec,FR,LOW,2024-12-20 16:14:30.950983
70d865ed-75e6-4499-847b-e1de5fba3f6a,Françoise,Techer,rbonnin@example.net,+33 2 48 27 10 26,FR8976720957992707955151229,"22, rue de Couturier, 41399 Sainte Josettedan",Sainte Jean,FR,MEDIUM,2025-05-20 20:08:12.427222
94b913d0-b089-4fbd-aa70-9aef700382a9,Philippe,Olivier,dorothee07@example.com,+33 1 77 34 47 65,FR2704715802909046376604655,"62, chemin de Courtois, 24600 Da Costa",Sainte MargueriteBourg,FR,HIGH,2026-04-07 10:32:58.771132
2cf7f5cc-bc50-4806-84b0-a0066b22c278,Timothée,Grégoire,simonsuzanne@example.org,+33 (0)3 81 12 51 29,FR8031100591297519102312110,"13, rue de Chevallier, 41740 Olivierdan",Neveu,FR,LOW,2026-08-18 17:15:09.811807
7edaf266-18f8-4390-a2ca-eff2da6bd04b,Josette,Munoz,charlotteherve@example.net,+33 (0)5 94 28 01 23,FR0642893113253269496843645,"5, rue Christophe Bonnet, 09605 Peron",Sainte Édouard,FR,MEDIUM,2026-01-01 10:12:14.732144
c4236a7b-41a6-4321-a2a4-a401ab38f4fa,Michelle,Cohen,valletmargot@example.org,0494919457,FR5157574758339205677567772,"16, chemin Weber, 80252 PoulainVille",Peltier-les-Bains,FR,LOW,2024-12-15 09:16:57.678110
2f63c482-b94a-46ba-9ec6-6d12e8838eed,Julien,Carpentier,durandanais@example.com,+33 4 22 53 07 62,FR2448433797662705115794238,"17, rue Yves Lombard, 39800 Gilbert-sur-Raymond",Saint Éléonore-la-Forêt,FR,LOW,2025-05-03 05:17:55.174147
ea2406f6-f73f-470d-8e32-a96903c5fe06,Alix,Lagarde,alexandriemoreno@example.com,+33 (0)1 46 75 63 35,FR4835748595325939933797058,"69, boulevard Marin, 59717 Mercier",Perrier-sur-Mer,FR,LOW,2026-03-28 01:42:51.793646
7b1cb864-f05b-4f6a-9504-9aa1218c1df4,Robert,Mendès,aimeemerle@example.org,03 83 30 55 97,FR1182457598339914038843660,"52, rue Gilles, 82880 Chevalierboeuf",Diallo-les-Bains,FR,LOW,2025-07-19 08:24:51.256567
f1f9a3a8-d267-4b3c-9f17-64c4dc44c361,Alex,Berthelot,jeanninehebert@example.com,+33 (0)4 26 74 39 74,FR3129250105875256806562590,"990, rue Mahe, 09169 Fernandes",Saint Michèle-sur-Mer,FR,MEDIUM,2024-11-02 03:46:50.041892
20d7b2cb-7ae0-4aa3-ab6b-012f6dfb61fa,Agnès,Hamon,edouard65@example.org,05 47 80 86 62,FR5781372143308003700332285,"90, avenue André Laroche, 91813 DiasBourg",Saint Jacqueline,FR,MEDIUM,2024-09-22 08:34:41.666401
4de49611-0a30-44f3-9d0c-2ae3e6ff7bb3,Michel,Guillon,wrobert@example.net,+33 (0)4 98 82 63 28,FR1209448586239453546147079,"11, rue Noémi Leclerc, 25877 Guyon-sur-Letellier",Blot,FR,MEDIUM,2026-01-01 13:12:26.518077
f8ee95a3-9f4c-4e6c-8b80-6ee28b36564a,Jeanne,Bailly,celina03@example.net,0365804032,FR6753765769277894319100900,"avenue Alex Chauveau, 72263 Saint Alexandrie-sur-Mer",Briand,FR,MEDIUM,2026-02-19 23:02:31.422808
73e3ce01-1545-4a46-83f7-6e80c063ddd6,Alix,Sanchez,arnaude04@example.org,+33 (0)4 58 24 73 10,FR9572011379844097123166007,"12, rue de Descamps, 09888 Lacombe",Fouquet,FR,LOW,2025-08-12 01:56:40.899169
a33457bf-f754-4e12-b311-ea2a6362ffdd,Suzanne,Da Costa,leconterichard@example.org,+33 6 10 09 68 73,FR7804519577825588255629657,"97, chemin Aurore Fernandez, 77359 Le Roux",Imbert,FR,LOW,2025-08-02 20:46:00.915333
ee6ad1e4-002c-491d-8a48-23aa622e0c42,Odette,Gimenez,augustinle-goff@example.net,+33 4 83 82 92 36,FR5716188081904823571558686,"26, avenue Meyer, 88871 Auger",Saint Clémence,FR,LOW,2024-12-10 12:07:03.949170
03c3681a-2e9e-4462-ac7c-7e3957268b27,David,Lemonnier,olivier64@example.org,+33 (0)3 51 00 04 13,FR2621147165609456534699799,"80, chemin Antoine Adam, 89584 ChrétienBourg",Lagardeboeuf,FR,MEDIUM,2026-07-21 08:54:08.303398
1c17fb20-4a48-4ad8-9b8b-e1481a862b17,Marianne,Marin,gilletauguste@example.com,+33 (0)6 74 81 13 17,FR7565397054873961029087182,"168, boulevard Georges Rocher, 66602 Sauvage",Goncalves,FR,MEDIUM,2024-09-25 03:23:21.145671
33901f1f-43d2-421a-a0b7-abda414604ac,Joséphine,Rémy,rmasson@example.org,+33 (0)3 55 77 30 62,FR0960423597371122299077560,"816, chemin Nguyen, 71818 MercierBourg",Sainte Margotboeuf,FR,LOW,2025-08-08 18:15:08.211250
0707e8b9-bca1-455d-9edd-3660f2e7b033,Corinne,Berger,georgeslaurent@example.org,+33 (0)3 44 37 85 84,FR2671296180332426050801849,"45, rue Laurent Dupré, 60589 BenoitBourg",Chevallier,FR,LOW,2025-10-05 00:50:48.012647
8697ecf2-5a1d-44ef-8dc2-8ba825f75d9a,Lorraine,Allard,rodriguesmargot@example.org,+33 2 14 78 19 23,FR5065346060560356793279862,"247, boulevard Antoine Delattre, 09675 Saint PénélopeVille",Lopes,FR,LOW,2025-06-10 07:55:11.444132
3b9dbfd1-1e28-4a4f-bcdd-581e2b63ce70,Célina,Delahaye,thibaut89@example.com,0648769899,FR5292751758891444498355393,"95, avenue de Lopes, 33712 Laroche-sur-Mer",Joly-sur-Pires,FR,HIGH,2026-01-11 20:51:17.762606
408e1308-4f38-487d-b72d-fa73c4416548,Laurent,Torres,michele88@example.com,+33 6 35 98 21 43,FR7139527536749785249141686,"chemin Costa, 58663 Baron-sur-Gros",De Oliveira-sur-Philippe,FR,MEDIUM,2025-03-09 03:29:29.556976
6039cb70-8f1b-4260-988b-5ff55502a19c,Aurélie,Techer,gvalentin@example.com,05 33 51 22 15,FR8200141884216309001594463,"599, chemin de Gomez, 20123 Maryboeuf",Picard,FR,PEP,2026-04-07 14:40:18.964285
3790facb-1eb0-4cc9-9d5c-93a11106dd94,Valérie,Jacob,elodiechauvet@example.org,+33 2 34 99 47 11,FR9536337922341034699673311,"37, avenue de Bonneau, 97158 Sainte Lucas",Nguyenboeuf,FR,MEDIUM,2025-04-19 07:53:52.089911
6c060bf7-d7de-434e-96cb-2ee005912a7f,Colette,Guillou,mpichon@example.org,0276196263,FR7135564343697093170695560,"26, chemin Adèle Rolland, 34475 Voisin",Roy,FR,MEDIUM,2025-02-03 03:08:46.615277
d1413d87-be64-414a-8aba-8397974608d2,Isabelle,Imbert,camilleda-silva@example.com,0175312198,FR7804184724264236428131909,"376, rue Pierre, 77829 Saint PénélopeBourg",Colin,FR,LOW,2025-09-21 02:21:32.219449
ce5ee4b0-be2e-491b-9f1a-c3e7900bec9b,Renée,Pinto,monique22@example.net,+33 3 82 05 24 80,FR1588062207223959473721329,"rue Adrien Hervé, 58641 Labbénec",Allardnec,FR,MEDIUM,2026-06-07 07:13:57.029168
b9daef5d-03d0-4e6f-82a0-cba6686ae705,Chantal,Jourdan,simone99@example.net,03 85 86 28 72,FR6303195419666450573036279,"46, rue Dumas, 56358 Alexandredan",Guichard-sur-Mer,FR,LOW,2025-07-31 11:41:11.727531
e1b0f81c-f90a-47e6-a2eb-fcc7658ef3a0,Arnaude,Roux,williamriou@example.org,0516057661,FR9494588707155348201284008,"850, chemin Susanne Raymond, 58455 Millet-sur-Jacquet",Roux,FR,HIGH,2026-04-04 08:01:09.958904
330f2571-5e4a-492a-b946-4db6422ed340,Isabelle,Denis,fthierry@example.com,+33 (0)2 14 26 57 42,FR4623196463004023693626894,"rue Morel, 33844 François-sur-Mer",Gaillarddan,FR,MEDIUM,2024-11-18 12:05:38.870065
e56a431a-f951-4cb9-b9cc-ec35140ffee5,Marguerite,Jacques,laetitia57@example.com,0476829849,FR4533067458476094412833372,"785, avenue de Humbert, 72439 Faure",Goncalves,FR,MEDIUM,2025-11-25 04:30:06.717062
0c0ae1ae-7106-4852-b5cd-40ecf346c556,Margaud,François,bertrand66@example.com,+33 5 58 70 55 14,FR8537769366343925295961111,"267, rue de Roux, 01582 David",Klein,FR,MEDIUM,2026-08-15 15:07:13.560224
ef8aa399-4509-4009-a5b7-aa4aaba54ee9,Aimée,Potier,margot91@example.org,+33 4 67 51 09 10,FR4690326714949819421794281,"14, chemin Margot Goncalves, 88584 Pelletier-la-Forêt",Guibert,FR,LOW,2026-01-24 12:35:34.362302
df2c36d6-d131-4146-8775-fb3c0d5e4632,Andrée,Humbert,stephanieruiz@example.net,0361372201,FR9509121722145593766189437,"46, rue Benoît David, 32498 Mahe",Delmasnec,FR,MEDIUM,2026-03-22 13:13:56.127633
f3cb5518-ac33-48cc-8bfb-7f146fc6c916,Tristan,Lebreton,sylviemillet@example.net,04 70 92 02 46,FR7417520238974326005595501,"33, boulevard Robert Laporte, 50641 Raymond-sur-Raymond",Gay,FR,LOW,2026-03-12 07:33:50.459858
ba040239-09b8-4407-8011-a424734ec311,Nath,Fournier,lfouquet@example.net,0632045069,FR5417679935937440394640830,"16, rue Denis Paris, 68933 DelattreVille",Peron-la-Forêt,FR,MEDIUM,2026-03-11 17:20:46.951898
f9ff5652-ba05-4788-9b55-2aea07ce215e,Margaud,Roux,nblin@example.net,0249368528,FR2030615370124244626325144,"rue Bernard, 30167 Colin",Sainte YvesBourg,FR,MEDIUM,2025-08-27 15:13:26.220076
64389d0d-625a-401e-ae07-08f8ec1846b9,Victoire,Valette,hgros@example.com,0230515263,FR8384091122528837505661863,"279, rue de Descamps, 97473 Piresdan",Lebrunboeuf,FR,LOW,2025-01-19 12:06:01.652367
68765777-efc6-45fc-bc54-7354e68da6ae,Augustin,Da Silva,aroche@example.net,0145556057,FR3912198819277885190534864,"chemin Chartier, 18812 Gillet",Guyot,FR,MEDIUM,2025-05-02 09:01:53.093799
b7539d84-ea5b-4ca4-ade3-d5c1cec725a3,Antoinette,Sanchez,denis74@example.net,0554004521,FR1328991511455129391304488,"598, chemin de Roussel, 51870 Sainte Astrid",Sainte RenéVille,FR,LOW,2024-12-05 01:15:50.295885
2962400d-549d-4c26-b113-5614dbebd8d2,Étienne,Pruvost,gautierchristiane@example.org,04 93 68 14 29,FR8583152291073228360849378,"rue Juliette Martineau, 49297 Kleinboeuf",Lebon,FR,LOW,2026-08-08 08:09:48.229181
fe118ec7-4b39-4bd8-b0a4-20bee21be1cb,Antoinette,Delorme,rene39@example.org,03 87 97 01 69,FR7734292913203301623419031,"6, avenue Meunier, 19841 Sainte Victornec",Delmas-la-Forêt,FR,MEDIUM,2025-07-16 23:01:40.483314
2cf5c8be-a571-407b-b4e7-6e44db545a63,Luc,Bousquet,lucasperrier@example.com,+33 3 81 77 46 04,FR4006720078436142442607819,"83, chemin Martel, 49376 Voisin",Navarro,FR,LOW,2026-06-18 23:58:46.253638
580d4930-724c-4bca-a9ff-3419d6a60515,Alfred,Valette,madeleinevallee@example.com,+33 2 77 14 58 41,FR5348460191344389982780205,"80, rue Nicolas, 93413 Deschamps-la-Forêt",Bourgeois-sur-Techer,FR,LOW,2025-06-16 16:12:15.847869
1cb8b435-22b6-40ea-ac14-8362c537fa78,Zoé,Marion,etienne67@example.net,+33 3 82 50 55 73,FR9185736801192360376811872,"63, rue Boucher, 02701 Mathieu-la-Forêt",Lebreton-sur-Lacroix,FR,LOW,2024-11-03 08:14:38.104563
9cc889f5-ebec-4496-855c-917fc5faad82,Noël,Raymond,morinsusan@example.com,+33 1 73 74 82 07,FR0536511893940655782019043,"30, rue Philippe, 17402 Bonnetdan",Maurice,FR,LOW,2024-12-03 07:35:55.201619
ae4ca569-d9ec-4167-8d00-99a8391a3156,Georges,Pages,aimeetecher@example.com,02 90 12 76 02,FR1750826112312616324888995,"489, avenue Jérôme Bourdon, 56385 Bertin",Benoit-sur-Peron,FR,MEDIUM,2026-04-02 04:47:42.012800
907cd7e8-f44c-4ba5-badd-9f0d5eb8199d,Victoire,Lefebvre,annecollet@example.com,02 34 91 20 38,FR8118769208283230898138815,"95, rue Bertrand, 54602 Joly",Rocher,FR,HIGH,2025-12-04 19:45:51.836104
5b2ea3c9-363b-43a2-a50a-98486f8fbf11,Diane,Caron,bguerin@example.net,+33 (0)4 73 72 45 00,FR4800001529113717850902556,"54, rue Morvan, 19714 Gimenez-sur-Martel",Marin,FR,LOW,2025-09-12 12:41:37.712346
d9761332-dbf8-40a5-a76d-ae22d607b6b6,Pauline,Garnier,jeromeledoux@example.com,+33 (0)4 69 67 08 67,FR4300900436551584826691362,"65, rue de Poulain, 39941 Verdier",ChauveauVille,FR,LOW,2025-10-04 16:16:11.676452
5a803720-ffbe-4ee5-94ea-8a844101d919,Augustin,Toussaint,avincent@example.org,+33 5 56 99 87 95,FR2909822104016481880442877,"46, rue de Alexandre, 34348 Maillet",Saint Marthenec,FR,LOW,2025-11-22 06:39:56.795252
056f3e53-42c0-4df3-b088-a4e7dfecd13f,Théodore,Pages,dorotheemasse@example.net,0554420362,FR0758631441706462554026355,"20, avenue Thibault Bouchet, 35983 Blanchet",Laporte-sur-Bodin,FR,PEP,2026-06-27 09:01:45.851257
5df5f66d-4671-4580-81c4-96ac400f9b8c,Alphonse,Leleu,nathnicolas@example.com,+33 3 27 45 27 90,FR1650404333353849516321119,"91, boulevard Philippe, 30707 Saint Clémence-sur-Mer",Lebon,FR,LOW,2025-12-10 12:08:21.907979
294ad929-06bb-4b5a-b132-88cacd96b7d0,Maurice,Fournier,ufontaine@example.org,+33 (0)7 95 61 78 68,FR4880023009156182980365774,"7, boulevard Bazin, 27501 Bourdon",Lucas,FR,HIGH,2026-06-05 04:14:15.411468
12b320a3-a58e-4618-b2a8-ac140e9b29fb,Denis,Langlois,denisedith@example.net,0245843368,FR6275092632239982137455611,"chemin de Dumont, 66648 LetellierVille",Lombard,FR,LOW,2024-09-11 13:57:50.988368
6559dfae-9507-4131-8920-47b42bf7eadb,Sophie,Marques,clemencedelaunay@example.com,01 74 81 12 60,FR9503083566910627153123455,"782, rue de Vallée, 80967 Lamy-les-Bains",Lacroix-sur-Hardy,FR,PEP,2026-04-26 08:54:10.533438
d550b92b-310c-45df-bd61-6c80595acfe2,Stéphane,Bouvet,ferreiraolivier@example.com,+33 (0)6 13 54 37 88,FR5926033591015709085991449,"avenue de Adam, 74926 Antoine",Munoz-sur-Baudry,FR,LOW,2025-11-25 17:04:46.044499
3ac75525-8915-4882-bad7-33fd0b5d13fd,Lorraine,De Oliveira,qvalette@example.com,02 33 84 28 59,FR5369325914084993231234266,"808, avenue Riou, 16568 Martinezdan",Bouvet,FR,HIGH,2025-01-31 18:31:15.140332
7dee9e4c-8149-4fde-b282-a4b40163611f,Gabrielle,Ramos,dorotheeseguin@example.org,0494382804,FR4605612996508269582641869,"41, boulevard Leduc, 54200 Gosselin",Evrard,FR,LOW,2025-04-13 04:53:24.560830
02ad8b06-c59d-429d-b6b2-cc39ff451f1f,Yves,Hamel,deschampszoe@example.org,0546823948,FR1440027300869661016831139,"rue Mallet, 67157 Jourdan-sur-Lopes",Sainte LouiseBourg,FR,LOW,2026-05-15 16:31:44.007999
0cbef933-ed95-4c81-b513-7e385545119d,Tristan,Vincent,xcordier@example.org,+33 5 94 62 05 34,FR6040777946207266292508177,"boulevard Bonnin, 77168 Simon",Hardy-la-Forêt,FR,LOW,2024-10-15 02:43:44.568383
7e3c73fa-80bc-4628-935a-dd0c4e5669d5,Léon,Philippe,cecilegrondin@example.org,+33 4 69 52 35 61,FR5078170321192061363852778,"4, avenue Sanchez, 85658 Le Gall",Allain,FR,MEDIUM,2024-10-01 23:37:10.169599
62ba2756-f3c9-4953-bc84-ec63c0fd658e,Jean,Delorme,benoit26@example.com,+33 (0)2 36 64 40 37,FR8634167812778221021798213,"92, avenue Sabine Foucher, 87721 Reynec",Gimenez,FR,LOW,2025-02-20 14:01:12.748415
3b4df22e-cc51-4c02-b7e7-2fe35dc8d027,Gabriel,Buisson,emiliebazin@example.com,01 55 53 97 07,FR9698661770673682050682122,"35, avenue Potier, 84474 Sainte Élodie",Duval-la-Forêt,FR,LOW,2025-06-18 20:27:57.978971
98d7d629-fc1b-4456-aff9-03847ba77e51,Henri,Peron,barbemanon@example.org,+33 (0)2 69 59 67 90,FR0389843699848022050938694,"64, boulevard de Blanchet, 70744 Saint Rolandboeuf",Toussaintdan,FR,LOW,2026-07-31 02:12:22.316767
b7941d8c-b378-4840-a87f-4b3f388682c3,Odette,Da Silva,wrobin@example.org,+33 5 47 76 73 82,FR0609746191779876829968722,"137, boulevard de Prévost, 87636 Sainte Lucy",Normand,FR,LOW,2025-11-26 18:03:16.685328
3b006bd7-0411-4bbc-873a-105f7478b3f6,Noël,Tessier,grenierrene@example.org,0534695790,FR0801248255442867963259423,"794, rue Morvan, 73205 Lebon",Bertin,FR,LOW,2024-10-24 04:58:34.879322
691aab71-6cd3-4a70-885b-1f067069f358,Maggie,Millet,elisabethsamson@example.com,03 27 56 29 26,FR4093358951381865507846850,"44, rue Schneider, 80738 Saint VictoireBourg",Josephdan,FR,LOW,2024-12-25 10:48:03.931336
f29476e5-b88f-48b6-ab92-caa12a26943c,Louis,Barbe,ines34@example.org,+33 (0)4 95 36 41 54,FR1171553132593678136750094,"5, rue Diallo, 45281 JacobBourg",Hardy-sur-Reynaud,FR,MEDIUM,2025-10-11 05:02:29.469903
505ed32f-1786-4390-b095-aeee9ec43e79,Josette,Peron,oliviemartel@example.org,0493238885,FR0262258660598678744227585,"79, chemin Simone Mendès, 78394 Gaudin",Bailly,FR,LOW,2026-07-27 20:37:53.314915
aaa51ae6-63ef-45c7-a2a9-f53ba716feaa,Georges,Perez,ble-roux@example.org,+33 (0)1 70 02 45 39,FR2431321551305570836821444,"397, rue Audrey Pons, 81907 Fouquet-la-Forêt",GérardVille,FR,HIGH,2024-11-29 19:49:28.767889
58c87e33-ea96-43c7-bbb0-8d3c92299e06,Camille,Buisson,alexandrieherve@example.org,+33 (0)3 65 28 12 31,FR1423920491060183647238750,"28, avenue de Schmitt, 97633 Voisin",Lebrun-la-Forêt,FR,LOW,2026-02-23 14:21:03.478168
bdd4fc29-6d0e-41b5-bc2e-21a6094d07f6,Agnès,Guilbert,christine26@example.org,+33 (0)4 75 29 18 76,FR4683160827172173373992052,"499, avenue de Picard, 13850 MilletBourg",Huet,FR,MEDIUM,2025-10-05 02:40:02.537727
8bfa7b02-96cc-4f65-9aa9-70dfe0c38af2,Guy,Gomez,victorguibert@example.com,+33 3 58 58 44 61,FR6477732643095449791279970,"27, rue Rémy, 31782 Bigot-sur-Thierry",MaheBourg,FR,MEDIUM,2025-01-30 13:14:57.172411
87257439-8890-41ab-b510-d9dc547d392e,Mathilde,Millet,inespascal@example.net,+33 2 56 20 12 56,FR6708320048797888975358523,"rue Durand, 35409 Chevallier",Sainte Frédéricdan,FR,LOW,2024-10-14 13:35:10.941097
d9006718-d9e3-4e81-8098-6bbd68157d81,Victoire,Goncalves,nathaliemasse@example.org,+33 (0)2 79 92 95 01,FR7643748309309671397191260,"41, rue Torres, 89571 Turpin-les-Bains",Saint Julie,FR,LOW,2026-03-13 12:45:18.754060
a31b86e9-4f55-4a8f-8cd8-583a1833c555,Margot,Blanc,mariealex@example.com,+33 (0)2 56 20 19 07,FR8125873393049366538027481,"21, rue Sophie Pascal, 87504 Jolyboeuf",Sainte Grégoire,FR,LOW,2024-12-14 17:19:08.274614
68ac4397-28f3-41b0-b038-873f829b9a84,Sébastien,Mallet,alfredmaury@example.org,0488610399,FR4752970137124365858564230,"rue de Michel, 19593 Sainte Gérard",Bonneau,FR,LOW,2024-12-23 08:38:34.572645
eb877fcb-f3b2-4cd4-b87c-a511adb0f359,Nicolas,Pascal,dlopes@example.org,+33 (0)5 94 16 69 06,FR7032248155420340301095679,"24, avenue Jeanne Labbé, 97454 Jacquet",Giraud-sur-Mer,FR,LOW,2025-02-26 14:41:14.262394
c9de3016-09fa-4cdd-9eeb-26b7f6ff4e6a,Zoé,Gautier,virginiedeschamps@example.com,01 34 10 80 18,FR0910306831764172680808157,"601, rue de Barthelemy, 11300 Dupontnec",Henry-sur-Mer,FR,LOW,2024-10-05 09:59:52.207578
95f6ef5c-78bd-4883-bd61-19276b398cca,Michèle,Rolland,edouard04@example.com,0764362130,FR7809625885766947031805339,"74, avenue Valentine Gérard, 11461 Andre-sur-Hardy",Dos Santos,FR,MEDIUM,2026-01-20 00:14:42.101043
557e2291-c0c5-47b0-86e9-9b67d656699b,Christelle,Moreau,boyerrene@example.com,05 64 14 59 01,FR6210797714004938819490531,"5, boulevard de Charrier, 05927 Léger-sur-Jourdan",Mahe-sur-Delaunay,FR,MEDIUM,2026-03-22 06:14:18.916911
18f5e5ee-dd05-4fc5-91e1-4c1e597f3027,Éléonore,Teixeira,madeleinefrancois@example.org,05 87 16 69 84,FR5416612374077943325623899,"819, rue Mendès, 33269 Peltier-les-Bains",Saint Chantal,FR,LOW,2024-10-03 07:06:58.996127
c688e75f-fa60-4b94-8120-fc44257e7b9c,Céline,Gimenez,franckblanc@example.com,+33 (0)2 98 04 18 13,FR7659989897211708894801864,"22, chemin Dorothée Blanchet, 94338 Besnard-sur-Guillou",Navarro,FR,LOW,2026-07-09 05:36:36.613301
b72533c7-710b-4a2f-a199-6d46778a6d77,Élodie,Giraud,michelraymond@example.net,+33 (0)5 61 75 71 23,FR6069149611287942968827697,"6, rue Poirier, 12909 Briand-sur-Marie",Launay,FR,LOW,2024-09-28 05:06:14.325250
45813bf2-65b7-457f-b911-8aae2dbcf3e4,Françoise,Clerc,josephcoulon@example.com,+33 4 79 65 17 96,FR6024096496683496047842170,"71, rue Hamon, 74878 Lombard",Paris-les-Bains,FR,LOW,2024-08-27 07:21:51.116627
07be8f47-fdd3-4877-a56d-1af92fec125f,Henriette,Merle,renejoubert@example.com,+33 1 72 62 46 72,FR8087991609114131935923613,"60, rue Bertrand, 32428 GrosBourg",Le RouxVille,FR,LOW,2026-06-22 19:11:59.376080
4d55e723-855e-46f4-9ae4-0e7d27d4e9e2,Agnès,Lopes,clemence24@example.org,+33 (0)5 67 50 34 40,FR9596617718249898088067821,"chemin Antoinette Blondel, 14906 Millet",Gonzalez-sur-Carlier,FR,LOW,2025-11-27 18:25:20.622375
28d908a4-f1e5-4c67-9483-e236198586d5,Rémy,Morvan,qchauvet@example.net,+33 5 40 98 74 86,FR8094155945011929207536051,"7, rue de Dumas, 76650 Delaunay-sur-Mer",Bouvier-sur-Mer,FR,LOW,2025-06-23 03:06:41.530883
029d39f3-5877-495c-8698-7e9d2151d25d,Mathilde,Jourdan,eugenebuisson@example.net,0476590670,FR0200994248942046648966760,"12, chemin Audrey Marchal, 62874 LeblancVille",Lebreton-sur-Le Gall,FR,HIGH,2026-03-11 01:38:50.574811
f126f50b-e331-47b3-b728-a28b232a85e5,Matthieu,Olivier,lamygilles@example.org,0389662265,FR4040165995300622122427677,"25, rue François Chevalier, 22387 Saint Alix-la-Forêt",Blondelnec,FR,LOW,2026-08-22 16:41:34.970229
ddd70d3b-aa5d-4ce9-ac45-788b631ec0be,Aimé,Samson,nicolaschristelle@example.net,06 98 78 23 12,FR6899570472642612120384375,"79, rue de Pinto, 70458 Tessier",Buisson,FR,HIGH,2025-01-01 18:21:13.054844
69c529b3-58f1-4e56-8c07-0e7cde4c6dc7,Gilbert,Denis,constancegermain@example.com,0420006445,FR7047523112327489791776334,"40, boulevard de Gillet, 87273 Sainte AdrienneVille",BonnetBourg,FR,LOW,2025-11-13 06:25:45.151376
1c539f03-da14-442f-8737-f36a844b39c9,Amélie,Hoarau,adamvincent@example.net,+33 1 58 69 35 88,FR3824935340018167784816524,"54, rue Valérie Rossi, 26939 ÉtienneBourg",Marion-sur-Mer,FR,LOW,2025-07-22 00:25:41.186278
419edf92-3ff9-4767-a7e6-626a3a4e99ce,Sabine,Courtois,garcialucy@example.net,0380912878,FR2884869996988290457927147,"13, boulevard Gimenez, 95490 Roger",Payet,FR,LOW,2026-06-18 19:37:55.554686
c257d806-d233-4bc4-80a9-519c4fceb8ac,Véronique,Pascal,jeannelebreton@example.org,+33 3 76 91 21 87,FR5306293288098322101023200,"767, rue Benjamin Martinez, 65961 Leconte-sur-Pascal",Augernec,FR,LOW,2024-11-23 22:58:44.478133
c3805018-c421-49c8-81d8-3a378a589be1,Emmanuelle,Perez,laurent56@example.org,0182384531,FR8198074682354695100307620,"79, rue Vincent Lefebvre, 88147 Lesagenec",RoyerBourg,FR,LOW,2024-10-19 23:37:23.208075
8250cecb-5a31-4418-84ae-a2412e1daeda,Madeleine,Carlier,theophile11@example.net,+33 4 34 07 85 16,FR6399497089058366834826899,"89, boulevard Rey, 69543 BerthelotBourg",Evrarddan,FR,LOW,2026-03-20 23:47:37.243928
16619529-2dce-4a45-be8a-cefdb309700a,David,Marchal,lemaitresuzanne@example.net,03 28 57 19 76,FR0309320126578982604180952,"95, rue Céline Coulon, 58397 Saint Claire-la-Forêt",Marion-les-Bains,FR,LOW,2026-03-22 19:04:49.056812
17a45a03-85c4-4d8b-aea8-9e0fa2283e0e,Étienne,Allard,rogermorin@example.net,02 62 64 22 29,FR4575891704542185457056820,"17, boulevard de Moreau, 93150 Sainte Matthieuboeuf",ParisVille,FR,LOW,2025-07-28 14:35:32.180200
f1517757-5785-4605-ac51-e51fe4a2fdd7,Marcel,Dufour,camille72@example.net,+33 4 76 40 01 78,FR7582247312616850710580119,"rue de Barthelemy, 14935 Sainte Juliennec",Saint Noémiboeuf,FR,LOW,2025-02-09 04:14:13.322280
2c4f255c-e64e-4008-98b8-4eb90e073302,Thérèse,Besnard,colasgregoire@example.org,+33 (0)1 58 71 69 50,FR4207418948543298769893652,"71, rue de Ferrand, 92627 Reynaud",Langlois,FR,LOW,2026-04-11 10:18:00.404956
746dbf89-7579-4502-a8ba-1a0f5b1e5bb2,Émile,Benoit,da-silvaraymond@example.com,+33 (0)2 90 58 96 32,FR2617435748352680648606739,"94, rue de Lévy, 38281 Dumas",Lombard-la-Forêt,FR,LOW,2025-06-19 13:15:09.537990
8499eba4-3657-4384-8021-edcc9cfccfca,Guillaume,Gimenez,remyxavier@example.org,05 96 40 65 79,FR1355156239209085510740913,"avenue Merle, 64497 Saint Guyboeuf",Fischer,FR,LOW,2026-07-16 11:34:00.522418
7da8bd93-a435-4763-b9f3-c832116df726,Maggie,Perrier,torresmartine@example.org,+33 1 49 69 53 54,FR3912012275950026015153259,"850, rue Victoire Teixeira, 13883 Fischer-sur-Mer",Barthelemy,FR,HIGH,2025-11-04 15:54:24.032232
c105f11a-9031-468a-91f8-7f858e640159,Benoît,Monnier,lucy03@example.net,+33 (0)1 75 06 49 34,FR5803910452036089411849135,"45, boulevard Zacharie Caron, 06470 GuérinVille",Sainte Claire,FR,MEDIUM,2025-10-16 23:41:46.805188
a566076b-01e7-4d3a-8531-dada11887e22,Hortense,Richard,chauvinhenriette@example.com,+33 (0)2 21 86 77 40,FR6837842339449530067762550,"20, rue Alex Bouvier, 32233 Gonzalez-la-Forêt",Sainte Élise-la-Forêt,FR,LOW,2025-01-08 07:07:02.599810
397d5676-2941-477a-ac38-4524bbfa6da8,Charles,Techer,margaudbaudry@example.net,+33 3 66 34 51 10,FR1909060530886843021166732,"67, boulevard de Devaux, 57431 Lemoine-sur-Fernandez",Allain,FR,LOW,2026-02-16 09:08:25.559661
cfc77ebf-cb5a-406f-ae91-26f7503c6147,Pénélope,Briand,jacques60@example.org,+33 5 61 20 27 55,FR4082147709207115238023621,"boulevard Simone Denis, 66686 RamosVille",Moreno,FR,LOW,2024-11-04 01:25:53.157047
76ce264a-0b58-4467-929d-ad09a265b49d,Franck,Leleu,gaudinbernadette@example.org,0479881959,FR1977216880053789318692897,"55, rue Buisson, 18272 GoncalvesVille",Saint Françoise,FR,LOW,2025-01-30 04:43:59.514707
9fd40c6c-0330-484c-99ad-c8acd776bbd0,Théodore,Regnier,lorrainerolland@example.org,+33 1 81 41 44 74,FR0432811659930202030423227,"41, rue Augustin Diallo, 97226 Morinnec",Rousseau,FR,LOW,2025-06-20 11:26:38.824001
d0e9eb50-2a2d-4c34-8b1e-88bd54d5ea92,Anastasie,Pierre,normandvalerie@example.org,0372777569,FR5319832102916174690298310,"741, rue Henri Duhamel, 11920 Lemaire",CoulonVille,FR,MEDIUM,2025-08-28 02:09:57.691854
1f6913c3-dfa0-479b-bb34-dd9ed7ae8232,Aimée,Lebon,zoe66@example.com,+33 (0)5 31 36 21 98,FR7865504944407663493396504,"33, avenue Lucas, 55954 Saint Théodore-les-Bains",Fabre,FR,MEDIUM,2026-03-24 02:08:52.958042
8b978a57-1657-4cef-87ce-a098115ede37,Margot,Dos Santos,marcelle85@example.com,+33 2 40 88 08 79,FR2691962341996433853247250,"43, rue Sylvie Fontaine, 88346 Saint Maryseboeuf",Didiernec,FR,LOW,2024-09-16 12:02:33.481779
c05919fa-a80a-4313-a02a-f7505185e96d,Michelle,Da Costa,chantal69@example.net,0805769453,FR0753659746698616342125450,"59, rue de Leblanc, 23878 Godard-les-Bains",Guichard,FR,LOW,2025-10-21 14:31:56.271401
9b3d411e-b9fc-4900-9d65-5240649ff08e,Anastasie,Hernandez,hvidal@example.org,+33 (0)6 31 42 35 91,FR7442614048933261454307963,"1, boulevard Imbert, 87848 Sainte Éléonoreboeuf",Blanchard,FR,LOW,2026-07-08 19:20:26.083340
3c5b3e1c-e1c0-467d-a989-ae9c330892fd,Édouard,Tessier,jmorin@example.com,0297354268,FR6374470173208652377729665,"17, chemin Bonnet, 82947 Sainte Sylvie",Navarro,FR,LOW,2026-07-09 04:14:37.293109
fc87bfa3-f851-4670-b9d1-59826c1af866,Christophe,Laurent,victor80@example.org,+33 (0)2 85 72 21 42,FR1557316094391368172031369,"78, rue Brunel, 82290 Pages-sur-Lefort",Hoarauboeuf,FR,LOW,2024-11-28 10:14:00.778520
217cec6b-a540-49b8-836d-52da753d5410,Alix,Chauvet,valerie33@example.org,+33 2 85 73 93 89,FR4092045735323661850761087,"86, boulevard Leroux, 25490 Saint Alexandre",Denis-les-Bains,FR,LOW,2025-06-12 15:17:27.880536
c68d0361-3e2f-4d9a-985b-b5df818a88b0,Adrienne,Imbert,frederiquepotier@example.net,+33 2 33 76 48 46,FR8073574223322280194425892,"16, rue Valentine Maurice, 43316 Bègue",Sainte Patrick,FR,MEDIUM,2026-04-27 15:08:15.434568
e3b9dd37-29f1-4fe2-987c-632475f93830,Luce,Mace,emoulin@example.net,+33 (0)1 79 46 74 13,FR3807538418520136260846397,"6, chemin de Ollivier, 06470 Deschamps",Legrand-sur-Roger,FR,LOW,2026-07-12 08:35:02.552305
49f735d7-d717-47cb-9c19-3c31c278c620,Margaux,Mercier,emmanuel64@example.org,+33 (0)4 84 56 40 91,FR3196939578752070204262019,"rue Gérard, 39175 Masse",Hamel,FR,LOW,2026-02-01 09:50:47.697773
a2fab34f-5870-4bfc-a66d-65b857dbd82e,Laure,Antoine,krossi@example.net,05 53 09 87 31,FR1826773192276075988978653,"243, rue de Lombard, 97358 Ruiz",Martinez,FR,LOW,2026-07-24 19:08:09.232696
926f53a5-0ab1-442b-82c0-2ac3154fd27f,Margot,Pages,jules31@example.org,+33 (0)2 98 19 15 05,FR8076449747000268764486764,"24, rue Alice Perrot, 54807 Sainte Vincent",Saint Anouk,FR,LOW,2025-02-21 11:39:48.065293
56aba1b3-805c-4011-9bf6-878f9c74c118,Thomas,Rocher,charlottephilippe@example.org,04 23 96 92 77,FR4211952963530597025512827,"56, rue Bouvier, 78396 Legendreboeuf",Carlier-sur-Lévêque,FR,LOW,2026-07-01 23:58:58.019804
346a0c61-2d4d-438a-ba28-45a3068029c6,Antoinette,Descamps,thoarau@example.com,0444344149,FR4816999393449743946408822,"chemin de Charrier, 53231 Ramos-sur-Martel",Bruneau,FR,LOW,2025-12-28 18:04:12.761940
92206952-4337-4b7a-b877-3b240fc35ac8,Élisabeth,Clerc,eugene32@example.org,+33 (0)6 02 02 17 07,FR0454853465579220300449646,"139, rue Gallet, 45209 Merle",Saint Nathdan,FR,LOW,2025-04-27 12:55:29.036869
71da7c58-39e0-41ed-b091-991b37fdefac,Anaïs,Hamon,vaubert@example.net,0650861993,FR5514584345663113885034236,"40, chemin Albert, 37287 Cordier",Bègue,FR,LOW,2024-11-13 18:55:04.435366
98e9e9cc-1e56-4181-a34f-2cae8b3dd871,Thibaut,Grondin,ldelannoy@example.com,01 55 08 52 94,FR8169021774174304350238502,"746, rue Caroline Hamel, 43847 Philippe",Lucas,FR,LOW,2025-09-11 03:14:24.750753
287b2fb5-3842-41bf-ba40-dc35d1e5c3db,Honoré,Ferrand,alaindufour@example.org,+33 4 78 69 13 30,FR5530334677116750762799553,"45, rue Giraud, 29852 Berthelot-sur-Pires",Coulon,FR,MEDIUM,2024-12-29 16:42:06.587891
265860a0-253a-43fb-8d55-f8f0d6512a6c,Antoine,Fabre,michelle20@example.org,0633190172,FR4122405076487177546199240,"838, avenue Lombard, 19447 Andre-les-Bains",Prévost,FR,MEDIUM,2025-11-07 11:10:14.467924
3b28e72e-18a4-4b11-bb1f-87a5a863780f,Suzanne,Mary,alice68@example.com,0278373379,FR4412121101878035869017074,"39, rue Jacqueline Legendre, 79357 Colin",Prévost-sur-Guyon,FR,LOW,2026-06-05 01:52:51.880284
a88dab13-8af4-4000-8420-cb14681187df,Paulette,Masson,lhenry@example.org,+33 7 76 43 38 72,FR3020542216265496330833444,"boulevard Zoé Paul, 63620 Blin-sur-Rémy",Sainte Célina,FR,LOW,2024-09-11 06:10:07.554442
22ac31c2-65f5-49dc-aa80-ba499d92ed64,Jacques,Dubois,laetitia68@example.net,0219953774,FR0692663295634277752259206,"28, boulevard Lucas, 04769 Baudry",Fernandes,FR,LOW,2025-11-02 21:16:56.857734
072296a8-ed70-419a-b0a3-4cd4f30303e2,Gabriel,Guérin,pauline63@example.org,+33 4 71 59 63 63,FR8872629420661549808513313,"boulevard Élisabeth Hubert, 90976 Andre",Saint Claude-les-Bains,FR,HIGH,2024-11-03 23:38:27.929537
c40bfa86-895c-4782-98ef-c3a185cb8e31,Véronique,Giraud,guichardoceane@example.com,+33 (0)5 08 82 68 68,FR5676401918548806442006298,"673, chemin de Diallo, 94497 Carrenec",Becker,FR,LOW,2026-02-22 12:33:55.515726
3e4172e0-730c-4bc2-9936-091b51b82e02,Jeannine,Gay,martincollet@example.net,+33 2 47 92 62 21,FR9532041042948314789117972,"599, boulevard de Pereira, 83264 Rocher-sur-Mer",Saint Bertrand-sur-Mer,FR,LOW,2026-05-28 08:38:26.023595
4eeeea33-84f0-40b7-af37-4e72de0b7cb3,Audrey,Lejeune,galletmarie@example.net,+33 1 34 00 53 28,FR5153863105052438380582692,"avenue Élisabeth Rocher, 55267 Boulaynec",Dumas,FR,LOW,2025-01-03 13:51:59.344276
50c83e9b-110f-42ca-b704-eb4aa3b22a18,Frédérique,Leclerc,ymaillet@example.org,+33 6 99 61 85 18,FR9362671368410132823392188,"27, avenue de Germain, 90882 Sainte Christine",CollinBourg,FR,MEDIUM,2025-12-15 08:05:58.707469
0e1773fe-4fbc-4326-9a4a-c3491c877e45,Audrey,Faivre,valerie92@example.org,+33 (0)4 15 31 92 79,FR5276178159698384572026656,"259, chemin Pons, 26415 Guillou-sur-Allain",Goncalves-sur-Le Goff,FR,LOW,2025-04-22 07:15:21.342972
7df9f48b-39b8-4e89-a8e6-8ffa24dad1ce,Josette,Maillard,otecher@example.org,04 56 29 90 74,FR9672966941799670808974748,"794, rue Danielle Leclercq, 77921 HernandezBourg",Pinto-sur-Mer,FR,MEDIUM,2025-03-26 03:31:15.977640
b1d77f1f-365e-4e1c-bbce-6d65f50ceb49,Céline,Paul,lucas69@example.net,+33 (0)5 19 49 80 44,FR5650928605210262706648900,"945, rue Martin, 71998 Baudry-sur-Mer",Sainte Christine,FR,LOW,2025-04-06 22:35:06.750914
1cd14062-641f-410e-bdf9-832b71608a94,Sylvie,Gimenez,laurevalentin@example.net,04 11 18 56 30,FR3727500030566199530564184,"846, rue de Gaudin, 97271 Saint Éléonore",Renardnec,FR,PEP,2026-05-30 13:17:46.520754
226d5d10-1380-4694-bf71-9f511bf482db,Suzanne,Fontaine,marielouise@example.org,05 08 10 34 44,FR7342990674568652406221559,"75, rue Arnaud, 16723 Sainte Noël",Bousquet,FR,LOW,2025-12-13 01:17:25.413911
7cec18eb-8656-4508-a5f4-7d43d3a0ae57,Théodore,Besnard,poiriercolette@example.com,05 34 48 45 59,FR5939652138350712455312900,"22, avenue Gomez, 97491 Couturier",Costa-les-Bains,FR,HIGH,2025-07-03 22:44:14.798037
888dfed4-2836-4926-a83f-1cfe1bab5be4,Richard,Regnier,laureperrot@example.net,0473852294,FR8925251618575917105080549,"57, avenue Michel Salmon, 46753 Hamon",Léger,FR,MEDIUM,2025-07-13 06:28:11.273644
796be625-8720-4723-8a23-55ab3a8444c1,Éléonore,Foucher,frederic71@example.com,0634344930,FR3853788033183611338926087,"6, avenue Devaux, 60301 Sainte Valérie",Gay-les-Bains,FR,LOW,2025-04-14 20:46:28.547379
397a2bf9-c858-4cf1-923e-e65d3050c850,Christophe,Bouvier,gerardhebert@example.net,0555535378,FR4601891567344671776296914,"52, avenue Rémy Leblanc, 07724 Bruneau-sur-Mary",Saint Frédéric,FR,MEDIUM,2024-10-01 06:47:21.624495
2d126fcc-bbda-4f38-bba3-374072bb09b0,Jeannine,Lenoir,christiane39@example.org,+33 4 83 21 18 96,FR7684424648849979572857595,"1, rue Guérin, 56863 Pinto-sur-Foucher",RaynaudBourg,FR,LOW,2026-04-18 01:13:17.395975
e0bff905-3c78-496b-b937-7a87c917a262,Théophile,Evrard,lucieraynaud@example.com,+33 (0)6 35 05 98 44,FR6351436728681123038856811,"28, chemin Hortense Dubois, 03855 Descamps-sur-Fouquet",Lombard-sur-Brun,FR,MEDIUM,2026-04-27 20:01:05.281324
9a2c15cc-9deb-4443-8ac2-5153d27f8295,Capucine,Bigot,lemaitrethomas@example.org,05 63 93 35 15,FR6488070532601193910382974,"25, avenue Dupont, 73160 MilletBourg",WagnerBourg,FR,LOW,2024-09-27 06:13:50.488108
b8c80d49-3261-4cb3-a3ab-4c4ef0b4bb36,Victor,Bonnet,theophilelecomte@example.net,03 59 61 58 73,FR0866271358969335390058561,"47, chemin Collin, 48345 Coulon-sur-Duhamel",Hamon,FR,MEDIUM,2025-05-07 07:49:40.144225
76d8a2db-0e19-4545-aaa3-f485d826439a,Gabriel,Roussel,pcharpentier@example.com,+33 (0)2 58 83 77 27,FR5802896660534281644161019,"95, chemin de Lejeune, 33143 Denis",Saint Marguerite,FR,MEDIUM,2025-10-10 06:47:33.199602
f53ba0c9-70a2-4d8d-8e7f-9ce0f480cade,Adrien,Dufour,abenoit@example.com,+33 7 46 36 28 14,FR8344718939530969067649092,"949, chemin Timothée Faivre, 44214 Gosselin",Tanguy,FR,LOW,2026-02-24 21:43:57.150903
c3b39281-9f9f-4426-b064-43e3f02093e0,Cécile,Dufour,ddenis@example.com,+33 1 47 68 81 16,FR6140343988187387758333647,"rue Nicolas Wagner, 02719 Saint Adèle",Blanchet,FR,LOW,2026-04-22 08:42:34.458231
b1ec41a7-26f7-42e0-8ed3-587a4da42903,Astrid,Simon,emilierodriguez@example.com,+33 4 87 42 04 12,FR1831905772044100794193245,"1, avenue de Delannoy, 78416 Saint Guy-la-Forêt",TurpinVille,FR,LOW,2025-10-30 03:02:23.175691
b2899db3-970d-4b6a-a027-ce5d9043074a,Nathalie,Pascal,vfernandes@example.com,0554322517,FR9842240432611890034686163,"3, avenue de Pons, 88768 Lefèvre",Merle,FR,LOW,2024-09-21 17:32:30.825333
461644b9-fd4b-4ddb-91c7-0175b4ea036a,Jeannine,Daniel,anaislegros@example.net,+33 2 18 95 36 89,FR3700577950017325900739713,"32, rue Martins, 69932 MorenoVille",GeorgesBourg,FR,MEDIUM,2025-12-18 13:59:54.425718
b20ca263-759e-4dcc-a414-13de2959400a,Clémence,Blanchard,georgeslaurent@example.com,0432617192,FR7481707443602344225216025,"341, rue de Guillon, 34412 Reynaud-les-Bains",ChauvetVille,FR,LOW,2025-01-26 04:10:53.915783
7d642a1d-af79-4c51-8f73-e41b0b5a4402,Jules,De Oliveira,thomas13@example.org,05 55 17 94 80,FR7924559851602119158912686,"586, boulevard Aurélie Buisson, 86531 Benoit",GilletVille,FR,LOW,2026-06-21 05:24:59.991589
55a7bd8b-2b97-4bda-bd11-0f70c1a31b5b,Constance,Laine,thierry74@example.org,+33 5 87 81 91 90,FR3574992164006983692353484,"90, rue Hubert, 73640 Julien-la-Forêt",Lemoine-les-Bains,FR,LOW,2026-01-30 22:08:31.858970
7570a32d-5bba-4595-ac2c-d2ef386c80f0,Alain,Roy,brunluc@example.net,02 78 05 50 33,FR8500008863467391900889911,"rue Alphonse Delorme, 12493 Chrétien-sur-Traore",Huet,FR,LOW,2024-12-06 11:50:15.356140
25fdf077-f8e0-481f-a5b3-414a51d56b9c,Clémence,Renaud,ltraore@example.net,01 73 60 85 48,FR4118674630009984336113711,"9, chemin de Lemonnier, 33437 Blanchard-la-Forêt",Moreau,FR,LOW,2025-01-12 04:46:34.964091
b62e09df-417f-4ed9-af7d-dc5ee876b46f,Raymond,Chartier,mulleragnes@example.org,0379466075,FR8569994494667201082402818,"88, chemin de Martin, 20500 Fontaine",PerrotBourg,FR,LOW,2025-08-25 00:25:07.617427
709e976e-9e58-4954-a891-d6a1de0ff789,Marie,Germain,chantaldumas@example.com,+33 5 56 42 35 70,FR6204129182851816125590461,"boulevard Jérôme Vasseur, 08370 LejeuneVille",Saint Gilbert,FR,LOW,2025-10-11 06:18:13.877704
37f0637f-9e39-42c8-9928-8008f1310cd7,Dorothée,Meunier,bfernandez@example.org,+33 3 56 29 61 51,FR1520485076653446042276346,"rue de Le Roux, 30107 Didier",Foucher,FR,LOW,2025-04-09 20:49:23.116633
48bde6a5-726b-4646-81cb-f4dd0e64b24e,Camille,Gérard,noel58@example.com,+33 (0)7 66 82 25 12,FR8172670866656224197687849,"31, rue de Riou, 26470 Saint Antoinette",Sainte Constancedan,FR,LOW,2026-08-22 17:32:17.955064
6d9ed836-75c1-4bf3-8e78-06ede37ed469,William,Marchand,thomasmaillard@example.org,0178466821,FR3021564952549206441119738,"47, avenue Rey, 39330 Labbé",Hervé-sur-Charrier,FR,LOW,2026-05-27 19:27:33.233694
cbcdf51f-762a-4073-abf6-2dac6ff5271f,Constance,Colin,evrarddiane@example.com,01 48 66 40 51,FR4910212543412301604986037,"boulevard de Collin, 07159 Goncalves",Saint François,FR,LOW,2025-11-04 10:53:36.478778
5a5f35c6-525c-4010-a06a-d1a4d9fd9456,Emmanuelle,Allain,faureemmanuel@example.com,+33 (0)1 43 34 71 31,FR3871978601625908419478550,"avenue Leblanc, 28445 GaillardBourg",Sainte Jacques,FR,MEDIUM,2025-10-08 17:53:31.707703
e5a10570-32dc-4f38-8022-ee7f1a2ffa0c,Margaret,Hebert,georgesguillaume@example.com,+33 (0)3 70 71 61 60,FR4088197223996477183753076,"chemin Lévy, 02789 Poulainboeuf",CharrierVille,FR,LOW,2024-09-06 19:35:35.554467
0d49ce22-9173-4325-bcdb-7b2715b61ec8,Manon,Boucher,leon23@example.com,+33 3 10 16 90 69,FR9068574670675169139521501,"26, avenue Petit, 27302 Lambert",Gosselin-la-Forêt,FR,LOW,2026-06-10 05:16:36.714028
3bf128ed-5a5f-4d19-b2fc-c21ea3435203,Hugues,Carre,martinebouvet@example.net,+33 (0)3 67 92 48 48,FR8913004169105302151675864,"63, chemin Dias, 12195 Sainte Alfred",Sainte Colettenec,FR,LOW,2025-03-04 16:07:09.307468
44fe8398-1b59-4a7f-8423-d8b8152b8785,Honoré,Marin,uriviere@example.com,+33 4 81 51 28 17,FR2475123959781554260972360,"66, avenue Pénélope Pinto, 59244 Sainte Christophe",HenryVille,FR,LOW,2025-07-29 13:59:11.218402
67a1b8c9-db38-459d-bdeb-08a683f3cbad,Charles,Charrier,xriviere@example.com,0698837031,FR4475438027414857260292546,"92, chemin de Lambert, 57526 Deschamps-les-Bains",Sainte Marcelle,FR,LOW,2026-06-09 21:54:46.253787
f2b3293a-f0e1-447c-868b-38f51765a707,Maggie,Leclerc,christianemercier@example.net,+33 4 82 38 67 62,FR4159238687906048869320553,"rue Marianne Hardy, 77890 Reynaud",Verdier,FR,LOW,2025-06-28 11:37:31.880201
3f8017d0-a2be-4d8f-b24d-23e8143cc1f4,Émile,Millet,qgilbert@example.org,0352567078,FR8997755426190384227362732,"32, rue Franck Samson, 10955 Lemaîtredan",SeguinBourg,FR,HIGH,2026-08-04 16:20:22.048019
bb87895e-de14-42f3-8891-a4bf12e1b116,Franck,Briand,bertrandvalette@example.com,+33 5 08 14 48 69,FR6083052169039220269801426,"1, boulevard André Guérin, 57575 Saint Susan",Sainte Léondan,FR,LOW,2026-06-06 01:27:03.309645
c30161a9-f0f7-4bcc-b2d8-83439ce8fd7f,Augustin,Le Goff,davidstephane@example.net,+33 3 60 26 72 44,FR4369317294763808390654025,"boulevard de Vasseur, 94719 Rodriguez",Bonnin-les-Bains,FR,LOW,2026-08-21 04:27:17.891551
2842dcbb-bfeb-4c42-b193-994bd526821c,Clémence,Arnaud,lerouxhenriette@example.org,03 67 50 49 60,FR1526676527284539749950708,"7, avenue de Marchal, 97162 Saint Benjamin",DuboisBourg,FR,MEDIUM,2025-10-13 19:26:19.724088
a235fc75-d9a4-4910-99fa-9b1a5f9621d5,Zoé,Picard,gaillardjulien@example.org,0457390448,FR4990932253332023510255501,"15, avenue Blin, 64932 Vaillant-la-Forêt",Ferrand,FR,MEDIUM,2025-01-15 12:10:02.505952
890eb05d-cce7-4525-a7af-37c4bd834283,Philippine,Moulin,isaaccousin@example.org,03 10 96 20 80,FR7059831244129075965999201,"46, avenue Jacques, 39702 Lopes",François,FR,LOW,2026-06-20 04:10:06.497691
44b135af-2d2a-4b71-8626-fd286cea9b94,Alice,Vidal,lucy19@example.org,04 84 91 92 26,FR2671317536264752864612096,"10, boulevard de Leroux, 84859 Royerboeuf",Dupuy,FR,LOW,2024-10-10 16:14:53.888888
ca7b849b-2dc0-4c65-8459-897d7dc31a33,Jacques,Munoz,andreadrienne@example.net,+33 4 78 50 51 43,FR4821914308779724792542218,"95, boulevard Arnaud, 94107 Leleu",Guilletdan,FR,LOW,2024-09-26 07:58:49.826449
365a4a00-9164-4c41-9ce0-04c30246f69a,Clémence,Couturier,mbruneau@example.org,+33 3 23 99 86 51,FR6059025784640858588382567,"90, avenue Christine Marchand, 84698 Étienne",Fabre,FR,MEDIUM,2026-05-18 22:08:09.555224
3153c793-f42e-4380-951d-6ffc19081e01,Lucie,Julien,edouard96@example.org,+33 3 24 25 01 82,FR5156247286394201223414992,"avenue de Carlier, 21951 Fournier-les-Bains",AlexandreVille,FR,MEDIUM,2025-03-06 15:26:45.720685
38a1a6f8-c446-4c5f-82e6-5f30df606310,Véronique,Le Goff,blinagnes@example.com,+33 3 39 17 40 03,FR7691019335389222471193600,"rue de Pinto, 62774 Sainte Andrée",Alexandre,FR,HIGH,2024-11-16 01:32:36.357577
e99bbc0c-6c94-466e-abc0-b62b48093499,Marianne,Bouvet,elefevre@example.com,+33 5 35 43 85 00,FR8095372346176231336109441,"23, chemin Robert Hervé, 15866 Jacques",Barthelemy,FR,LOW,2025-08-05 06:51:07.545024
252a7bfa-1fe2-48c1-b335-9cc7f6eee430,Amélie,Barbe,christiane60@example.com,+33 3 85 94 29 04,FR6961755188701799932420248,"54, avenue Roy, 28375 Gilbert",Pierre,FR,MEDIUM,2025-08-28 00:20:30.792760
aa5899a5-23fe-4603-9bf7-0c17bd958f7e,Amélie,Baudry,caroline90@example.org,0449853626,FR8089047238641009538557421,"63, boulevard de Durand, 05695 Martel",Garnier-la-Forêt,FR,LOW,2025-12-30 21:51:15.118296
0e89bfa4-b892-49d0-8e03-17971db31f95,Benoît,Schneider,ojourdan@example.com,+33 (0)4 49 37 88 44,FR0937066187564672636815418,"190, avenue Ollivier, 89270 Masson-sur-Dubois",Le Gallboeuf,FR,LOW,2024-09-26 00:18:28.523309
aa8df6fe-e973-4486-a070-3ee0c86e037c,Cécile,Delahaye,slefebvre@example.org,0556605033,FR3874698330677306718222667,"rue de Pires, 65562 Jourdannec",Carpentier,FR,LOW,2025-08-29 00:51:15.912343
2eaefb2c-14c7-4213-9947-2d4fab4fc3b9,Vincent,Labbé,chevalliercharlotte@example.org,03 58 42 89 87,FR7560550492217048618670663,"avenue Ledoux, 20691 Sainte Léon",Blin-sur-Schmitt,FR,LOW,2026-03-10 03:25:21.782394
533d7d3f-768b-402a-8de5-965a1f94f7d7,Danielle,Chauvet,maillethelene@example.net,+33 7 61 82 65 33,FR4271708649426942039831354,"chemin Philippine Moreno, 78528 Michelnec",Colin-sur-Andre,FR,LOW,2025-11-20 17:04:12.578335
6ae367cd-b468-450d-b42e-0d738a768e02,Thérèse,Tanguy,aaubert@example.com,0310438843,FR2202178167806643158901649,"115, avenue Becker, 06217 Vincent-les-Bains",Lombard-la-Forêt,FR,LOW,2024-09-27 02:59:01.067156
6def2d34-774b-437f-9b72-10d9007423e3,Benoît,Martins,blanchetlouise@example.net,+33 (0)1 88 72 62 82,FR1796824485007288959274116,"719, rue Georges, 51501 Garcia",David-les-Bains,FR,LOW,2026-05-03 03:36:07.646932
d131c371-b7fa-4f8d-8e87-fe4557705c30,Olivier,Ferrand,pineaubertrand@example.net,+33 5 62 34 44 35,FR1996245870120424253690912,"13, boulevard Da Costa, 72562 FischerVille",Bourdon,FR,LOW,2025-05-29 05:51:50.654254
d85b0aab-9dfe-4849-9e9f-25b697e62739,Patricia,Pons,payetolivie@example.com,+33 5 17 52 40 55,FR5036481875403648821597738,"36, rue Grondin, 54139 Antoinedan",Diallo-sur-Ferrand,FR,LOW,2026-08-05 17:39:17.731310
3c4fb4ac-e5ee-4b48-b3c4-b6f399eb3d45,Anouk,Jacquet,dumontalix@example.net,0732204298,FR0962269920666179962356999,"483, boulevard Nathalie Martel, 51669 Barthelemydan",Bourdon-les-Bains,FR,LOW,2025-05-25 22:01:58.142019
ef189e70-258f-4c3b-8c35-0d1d694cc0f8,Renée,Gay,hernandezgerard@example.org,0324084931,FR5053983912260001440762914,"boulevard David Carpentier, 38221 Saint Diane",Costa-sur-Lebrun,FR,LOW,2024-12-16 07:29:48.300027
0c0915da-1046-4da2-ab2f-6797eb44456c,Luce,Devaux,cpayet@example.net,04 76 64 22 40,FR7559208235309766919489629,"96, rue Clément, 60774 Moulin",Sainte Laetitia,FR,LOW,2025-06-21 10:49:00.802310
